Syllable,Romanized
가,ga
각,gak
갂,gak
갃,gak
간,gan
갅,gan
갇,gat
갈,gal
갉,gak
갊,gam
갋,gal
갌,gal
갍,gal
갎,gap
감,gam
갑,gap
값,gap
갓,gat
갔,gat
강,gang
갖,gat
갗,gat
갘,gak
같,gat
갚,gap
갛,ga
갸,gya
갹,gyak
갺,gyak
갻,gyak
갼,gyan
갽,gyan
갿,gyat
걀,gyal
걁,gyak
걂,gyam
걃,gyal
걄,gyal
걅,gyal
걆,gyap
걈,gyam
걉,gyap
걊,gyap
걋,gyat
걌,gyat
걍,gyang
걎,gyat
걏,gyat
걐,gyak
걑,gyat
걒,gyap
걓,gya
거,geo
걱,geok
걲,geok
걳,geok
건,geon
걵,geon
걷,geot
걸,geol
걹,geok
걺,geom
걻,geol
걼,geol
걽,geol
걾,geop
검,geom
겁,geop
겂,geop
것,geot
겄,geot
겅,geong
겆,geot
겇,geot
겈,geok
겉,geot
겊,geop
겋,geo
겨,gyeo
격,gyeok
겪,gyeok
겫,gyeok
견,gyeon
겭,gyeon
겯,gyeot
결,gyeol
겱,gyeok
겲,gyeom
겳,gyeol
겴,gyeol
겵,gyeol
겶,gyeop
겸,gyeom
겹,gyeop
겺,gyeop
겻,gyeot
겼,gyeot
경,gyeong
겾,gyeot
겿,gyeot
곀,gyeok
곁,gyeot
곂,gyeop
곃,gyeo
고,go
곡,gok
곢,gok
곣,gok
곤,gon
곥,gon
곧,got
골,gol
곩,gok
곪,gom
곫,gol
곬,gol
곭,gol
곮,gop
곰,gom
곱,gop
곲,gop
곳,got
곴,got
공,gong
곶,got
곷,got
곸,gok
곹,got
곺,gop
곻,go
교,gyo
굑,gyok
굒,gyok
굓,gyok
굔,gyon
굕,gyon
굗,gyot
굘,gyol
굙,gyok
굚,gyom
굛,gyol
굜,gyol
굝,gyol
굞,gyop
굠,gyom
굡,gyop
굢,gyop
굣,gyot
굤,gyot
굥,gyong
굦,gyot
굧,gyot
굨,gyok
굩,gyot
굪,gyop
굫,gyo
구,gu
국,guk
굮,guk
굯,guk
군,gun
굱,gun
굳,gut
굴,gul
굵,guk
굶,gum
굷,gul
굸,gul
굹,gul
굺,gup
굼,gum
굽,gup
굾,gup
굿,gut
궀,gut
궁,gung
궂,gut
궃,gut
궄,guk
궅,gut
궆,gup
궇,gu
규,gyu
귝,gyuk
귞,gyuk
귟,gyuk
균,gyun
귡,gyun
귣,gyut
귤,gyul
귥,gyuk
귦,gyum
귧,gyul
귨,gyul
귩,gyul
귪,gyup
귬,gyum
귭,gyup
귮,gyup
귯,gyut
귰,gyut
귱,gyung
귲,gyut
귳,gyut
귴,gyuk
귵,gyut
귶,gyup
귷,gyu
그,geu
극,geuk
귺,geuk
귻,geuk
근,geun
귽,geun
귿,geut
글,geul
긁,geuk
긂,geum
긃,geul
긄,geul
긅,geul
긆,geup
금,geum
급,geup
긊,geup
긋,geut
긌,geut
긍,geung
긎,geut
긏,geut
긐,geuk
긑,geut
긒,geup
긓,geu
기,gi
긱,gik
긲,gik
긳,gik
긴,gin
긵,gin
긷,git
길,gil
긹,gik
긺,gim
긻,gil
긼,gil
긽,gil
긾,gip
김,gim
깁,gip
깂,gip
깃,git
깄,git
깅,ging
깆,git
깇,git
깈,gik
깉,git
깊,gip
깋,gi
개,gae
객,gaek
갞,gaek
갟,gaek
갠,gaen
갡,gaen
갣,gaet
갤,gael
갥,gaek
갦,gaem
갧,gael
갨,gael
갩,gael
갪,gaep
갬,gaem
갭,gaep
갮,gaep
갯,gaet
갰,gaet
갱,gaeng
갲,gaet
갳,gaet
갴,gaek
갵,gaet
갶,gaep
갷,gae
걔,gyae
걕,gyaek
걖,gyaek
걗,gyaek
걘,gyaen
걙,gyaen
걛,gyaet
걜,gyael
걝,gyaek
걞,gyaem
걟,gyael
걠,gyael
걡,gyael
걢,gyaep
걤,gyaem
걥,gyaep
걦,gyaep
걧,gyaet
걨,gyaet
걩,gyaeng
걪,gyaet
걫,gyaet
걬,gyaek
걭,gyaet
걮,gyaep
걯,gyae
게,ge
겍,gek
겎,gek
겏,gek
겐,gen
겑,gen
겓,get
겔,gel
겕,gek
겖,gem
겗,gel
겘,gel
겙,gel
겚,gep
겜,gem
겝,gep
겞,gep
겟,get
겠,get
겡,geng
겢,get
겣,get
겤,gek
겥,get
겦,gep
겧,ge
계,gye
곅,gyek
곆,gyek
곇,gyek
곈,gyen
곉,gyen
곋,gyet
곌,gyel
곍,gyek
곎,gyem
곏,gyel
곐,gyel
곑,gyel
곒,gyep
곔,gyem
곕,gyep
곖,gyep
곗,gyet
곘,gyet
곙,gyeng
곚,gyet
곛,gyet
곜,gyek
곝,gyet
곞,gyep
곟,gye
과,gwa
곽,gwak
곾,gwak
곿,gwak
관,gwan
괁,gwan
괃,gwat
괄,gwal
괅,gwak
괆,gwam
괇,gwal
괈,gwal
괉,gwal
괊,gwap
괌,gwam
괍,gwap
괎,gwap
괏,gwat
괐,gwat
광,gwang
괒,gwat
괓,gwat
괔,gwak
괕,gwat
괖,gwap
괗,gwa
괘,gwae
괙,gwaek
괚,gwaek
괛,gwaek
괜,gwaen
괝,gwaen
괟,gwaet
괠,gwael
괡,gwaek
괢,gwaem
괣,gwael
괤,gwael
괥,gwael
괦,gwaep
괨,gwaem
괩,gwaep
괪,gwaep
괫,gwaet
괬,gwaet
괭,gwaeng
괮,gwaet
괯,gwaet
괰,gwaek
괱,gwaet
괲,gwaep
괳,gwae
괴,goe
괵,goek
괶,goek
괷,goek
괸,goen
괹,goen
괻,goet
괼,goel
괽,goek
괾,goem
괿,goel
굀,goel
굁,goel
굂,goep
굄,goem
굅,goep
굆,goep
굇,goet
굈,goet
굉,goeng
굊,goet
굋,goet
굌,goek
굍,goet
굎,goep
굏,goe
궈,gwo
궉,gwok
궊,gwok
궋,gwok
권,gwon
궍,gwon
궏,gwot
궐,gwol
궑,gwok
궒,gwom
궓,gwol
궔,gwol
궕,gwol
궖,gwop
궘,gwom
궙,gwop
궚,gwop
궛,gwot
궜,gwot
궝,gwong
궞,gwot
궟,gwot
궠,gwok
궡,gwot
궢,gwop
궣,gwo
궤,gwe
궥,gwek
궦,gwek
궧,gwek
궨,gwen
궩,gwen
궫,gwet
궬,gwel
궭,gwek
궮,gwem
궯,gwel
궰,gwel
궱,gwel
궲,gwep
궴,gwem
궵,gwep
궶,gwep
궷,gwet
궸,gwet
궹,gweng
궺,gwet
궻,gwet
궼,gwek
궽,gwet
궾,gwep
궿,gwe
귀,gwi
귁,gwik
귂,gwik
귃,gwik
귄,gwin
귅,gwin
귇,gwit
귈,gwil
귉,gwik
귊,gwim
귋,gwil
귌,gwil
귍,gwil
귎,gwip
귐,gwim
귑,gwip
귒,gwip
귓,gwit
귔,gwit
귕,gwing
귖,gwit
귗,gwit
귘,gwik
귙,gwit
귚,gwip
귛,gwi
긔,gui
긕,guik
긖,guik
긗,guik
긘,guin
긙,guin
긛,guit
긜,guil
긝,guik
긞,guim
긟,guil
긠,guil
긡,guil
긢,guip
긤,guim
긥,guip
긦,guip
긧,guit
긨,guit
긩,guing
긪,guit
긫,guit
긬,guik
긭,guit
긮,guip
긯,gui
나,na
낙,nak
낚,nak
낛,nak
난,nan
낝,nan
낟,nat
날,nal
낡,nak
낢,nam
낣,nal
낤,nal
낥,nal
낦,nap
남,nam
납,nap
낪,nap
낫,nat
났,nat
낭,nang
낮,nat
낯,nat
낰,nak
낱,nat
낲,nap
낳,na
냐,nya
냑,nyak
냒,nyak
냓,nyak
냔,nyan
냕,nyan
냗,nyat
냘,nyal
냙,nyak
냚,nyam
냛,nyal
냜,nyal
냝,nyal
냞,nyap
냠,nyam
냡,nyap
냢,nyap
냣,nyat
냤,nyat
냥,nyang
냦,nyat
냧,nyat
냨,nyak
냩,nyat
냪,nyap
냫,nya
너,neo
넉,neok
넊,neok
넋,neok
넌,neon
넍,neon
넏,neot
널,neol
넑,neok
넒,neom
넓,neol
넔,neol
넕,neol
넖,neop
넘,neom
넙,neop
넚,neop
넛,neot
넜,neot
넝,neong
넞,neot
넟,neot
넠,neok
넡,neot
넢,neop
넣,neo
녀,nyeo
녁,nyeok
녂,nyeok
녃,nyeok
년,nyeon
녅,nyeon
녇,nyeot
녈,nyeol
녉,nyeok
녊,nyeom
녋,nyeol
녌,nyeol
녍,nyeol
녎,nyeop
념,nyeom
녑,nyeop
녒,nyeop
녓,nyeot
녔,nyeot
녕,nyeong
녖,nyeot
녗,nyeot
녘,nyeok
녙,nyeot
녚,nyeop
녛,nyeo
노,no
녹,nok
녺,nok
녻,nok
논,non
녽,non
녿,not
놀,nol
놁,nok
놂,nom
놃,nol
놄,nol
놅,nol
놆,nop
놈,nom
놉,nop
놊,nop
놋,not
놌,not
농,nong
놎,not
놏,not
놐,nok
놑,not
높,nop
놓,no
뇨,nyo
뇩,nyok
뇪,nyok
뇫,nyok
뇬,nyon
뇭,nyon
뇯,nyot
뇰,nyol
뇱,nyok
뇲,nyom
뇳,nyol
뇴,nyol
뇵,nyol
뇶,nyop
뇸,nyom
뇹,nyop
뇺,nyop
뇻,nyot
뇼,nyot
뇽,nyong
뇾,nyot
뇿,nyot
눀,nyok
눁,nyot
눂,nyop
눃,nyo
누,nu
눅,nuk
눆,nuk
눇,nuk
눈,nun
눉,nun
눋,nut
눌,nul
눍,nuk
눎,num
눏,nul
눐,nul
눑,nul
눒,nup
눔,num
눕,nup
눖,nup
눗,nut
눘,nut
눙,nung
눚,nut
눛,nut
눜,nuk
눝,nut
눞,nup
눟,nu
뉴,nyu
뉵,nyuk
뉶,nyuk
뉷,nyuk
뉸,nyun
뉹,nyun
뉻,nyut
뉼,nyul
뉽,nyuk
뉾,nyum
뉿,nyul
늀,nyul
늁,nyul
늂,nyup
늄,nyum
늅,nyup
늆,nyup
늇,nyut
늈,nyut
늉,nyung
늊,nyut
늋,nyut
늌,nyuk
늍,nyut
늎,nyup
늏,nyu
느,neu
늑,neuk
늒,neuk
늓,neuk
는,neun
늕,neun
늗,neut
늘,neul
늙,neuk
늚,neum
늛,neul
늜,neul
늝,neul
늞,neup
늠,neum
늡,neup
늢,neup
늣,neut
늤,neut
능,neung
늦,neut
늧,neut
늨,neuk
늩,neut
늪,neup
늫,neu
니,ni
닉,nik
닊,nik
닋,nik
닌,nin
닍,nin
닏,nit
닐,nil
닑,nik
닒,nim
닓,nil
닔,nil
닕,nil
닖,nip
님,nim
닙,nip
닚,nip
닛,nit
닜,nit
닝,ning
닞,nit
닟,nit
닠,nik
닡,nit
닢,nip
닣,ni
내,nae
낵,naek
낶,naek
낷,naek
낸,naen
낹,naen
낻,naet
낼,nael
낽,naek
낾,naem
낿,nael
냀,nael
냁,nael
냂,naep
냄,naem
냅,naep
냆,naep
냇,naet
냈,naet
냉,naeng
냊,naet
냋,naet
냌,naek
냍,naet
냎,naep
냏,nae
냬,nyae
냭,nyaek
냮,nyaek
냯,nyaek
냰,nyaen
냱,nyaen
냳,nyaet
냴,nyael
냵,nyaek
냶,nyaem
냷,nyael
냸,nyael
냹,nyael
냺,nyaep
냼,nyaem
냽,nyaep
냾,nyaep
냿,nyaet
넀,nyaet
넁,nyaeng
넂,nyaet
넃,nyaet
넄,nyaek
넅,nyaet
넆,nyaep
넇,nyae
네,ne
넥,nek
넦,nek
넧,nek
넨,nen
넩,nen
넫,net
넬,nel
넭,nek
넮,nem
넯,nel
넰,nel
넱,nel
넲,nep
넴,nem
넵,nep
넶,nep
넷,net
넸,net
넹,neng
넺,net
넻,net
넼,nek
넽,net
넾,nep
넿,ne
녜,nye
녝,nyek
녞,nyek
녟,nyek
녠,nyen
녡,nyen
녣,nyet
녤,nyel
녥,nyek
녦,nyem
녧,nyel
녨,nyel
녩,nyel
녪,nyep
녬,nyem
녭,nyep
녮,nyep
녯,nyet
녰,nyet
녱,nyeng
녲,nyet
녳,nyet
녴,nyek
녵,nyet
녶,nyep
녷,nye
놔,nwa
놕,nwak
놖,nwak
놗,nwak
놘,nwan
놙,nwan
놛,nwat
놜,nwal
놝,nwak
놞,nwam
놟,nwal
놠,nwal
놡,nwal
놢,nwap
놤,nwam
놥,nwap
놦,nwap
놧,nwat
놨,nwat
놩,nwang
놪,nwat
놫,nwat
놬,nwak
놭,nwat
놮,nwap
놯,nwa
놰,nwae
놱,nwaek
놲,nwaek
놳,nwaek
놴,nwaen
놵,nwaen
놷,nwaet
놸,nwael
놹,nwaek
놺,nwaem
놻,nwael
놼,nwael
놽,nwael
놾,nwaep
뇀,nwaem
뇁,nwaep
뇂,nwaep
뇃,nwaet
뇄,nwaet
뇅,nwaeng
뇆,nwaet
뇇,nwaet
뇈,nwaek
뇉,nwaet
뇊,nwaep
뇋,nwae
뇌,noe
뇍,noek
뇎,noek
뇏,noek
뇐,noen
뇑,noen
뇓,noet
뇔,noel
뇕,noek
뇖,noem
뇗,noel
뇘,noel
뇙,noel
뇚,noep
뇜,noem
뇝,noep
뇞,noep
뇟,noet
뇠,noet
뇡,noeng
뇢,noet
뇣,noet
뇤,noek
뇥,noet
뇦,noep
뇧,noe
눠,nwo
눡,nwok
눢,nwok
눣,nwok
눤,nwon
눥,nwon
눧,nwot
눨,nwol
눩,nwok
눪,nwom
눫,nwol
눬,nwol
눭,nwol
눮,nwop
눰,nwom
눱,nwop
눲,nwop
눳,nwot
눴,nwot
눵,nwong
눶,nwot
눷,nwot
눸,nwok
눹,nwot
눺,nwop
눻,nwo
눼,nwe
눽,nwek
눾,nwek
눿,nwek
뉀,nwen
뉁,nwen
뉃,nwet
뉄,nwel
뉅,nwek
뉆,nwem
뉇,nwel
뉈,nwel
뉉,nwel
뉊,nwep
뉌,nwem
뉍,nwep
뉎,nwep
뉏,nwet
뉐,nwet
뉑,nweng
뉒,nwet
뉓,nwet
뉔,nwek
뉕,nwet
뉖,nwep
뉗,nwe
뉘,nwi
뉙,nwik
뉚,nwik
뉛,nwik
뉜,nwin
뉝,nwin
뉟,nwit
뉠,nwil
뉡,nwik
뉢,nwim
뉣,nwil
뉤,nwil
뉥,nwil
뉦,nwip
뉨,nwim
뉩,nwip
뉪,nwip
뉫,nwit
뉬,nwit
뉭,nwing
뉮,nwit
뉯,nwit
뉰,nwik
뉱,nwit
뉲,nwip
뉳,nwi
늬,nui
늭,nuik
늮,nuik
늯,nuik
늰,nuin
늱,nuin
늳,nuit
늴,nuil
늵,nuik
늶,nuim
늷,nuil
늸,nuil
늹,nuil
늺,nuip
늼,nuim
늽,nuip
늾,nuip
늿,nuit
닀,nuit
닁,nuing
닂,nuit
닃,nuit
닄,nuik
닅,nuit
닆,nuip
닇,nui
다,da
닥,dak
닦,dak
닧,dak
단,dan
닩,dan
닫,dat
달,dal
닭,dak
닮,dam
닯,dal
닰,dal
닱,dal
닲,dap
담,dam
답,dap
닶,dap
닷,dat
닸,dat
당,dang
닺,dat
닻,dat
닼,dak
닽,dat
닾,dap
닿,da
댜,dya
댝,dyak
댞,dyak
댟,dyak
댠,dyan
댡,dyan
댣,dyat
댤,dyal
댥,dyak
댦,dyam
댧,dyal
댨,dyal
댩,dyal
댪,dyap
댬,dyam
댭,dyap
댮,dyap
댯,dyat
댰,dyat
댱,dyang
댲,dyat
댳,dyat
댴,dyak
댵,dyat
댶,dyap
댷,dya
더,deo
덕,deok
덖,deok
덗,deok
던,deon
덙,deon
덛,deot
덜,deol
덝,deok
덞,deom
덟,deol
덠,deol
덡,deol
덢,deop
덤,deom
덥,deop
덦,deop
덧,deot
덨,deot
덩,deong
덪,deot
덫,deot
덬,deok
덭,deot
덮,deop
덯,deo
뎌,dyeo
뎍,dyeok
뎎,dyeok
뎏,dyeok
뎐,dyeon
뎑,dyeon
뎓,dyeot
뎔,dyeol
뎕,dyeok
뎖,dyeom
뎗,dyeol
뎘,dyeol
뎙,dyeol
뎚,dyeop
뎜,dyeom
뎝,dyeop
뎞,dyeop
뎟,dyeot
뎠,dyeot
뎡,dyeong
뎢,dyeot
뎣,dyeot
뎤,dyeok
뎥,dyeot
뎦,dyeop
뎧,dyeo
도,do
독,dok
돆,dok
돇,dok
돈,don
돉,don
돋,dot
돌,dol
돍,dok
돎,dom
돏,dol
돐,dol
돑,dol
돒,dop
돔,dom
돕,dop
돖,dop
돗,dot
돘,dot
동,dong
돚,dot
돛,dot
돜,dok
돝,dot
돞,dop
돟,do
됴,dyo
됵,dyok
됶,dyok
됷,dyok
됸,dyon
됹,dyon
됻,dyot
됼,dyol
됽,dyok
됾,dyom
됿,dyol
둀,dyol
둁,dyol
둂,dyop
둄,dyom
둅,dyop
둆,dyop
둇,dyot
둈,dyot
둉,dyong
둊,dyot
둋,dyot
둌,dyok
둍,dyot
둎,dyop
둏,dyo
두,du
둑,duk
둒,duk
둓,duk
둔,dun
둕,dun
둗,dut
둘,dul
둙,duk
둚,dum
둛,dul
둜,dul
둝,dul
둞,dup
둠,dum
둡,dup
둢,dup
둣,dut
둤,dut
둥,dung
둦,dut
둧,dut
둨,duk
둩,dut
둪,dup
둫,du
듀,dyu
듁,dyuk
듂,dyuk
듃,dyuk
듄,dyun
듅,dyun
듇,dyut
듈,dyul
듉,dyuk
듊,dyum
듋,dyul
듌,dyul
듍,dyul
듎,dyup
듐,dyum
듑,dyup
듒,dyup
듓,dyut
듔,dyut
듕,dyung
듖,dyut
듗,dyut
듘,dyuk
듙,dyut
듚,dyup
듛,dyu
드,deu
득,deuk
듞,deuk
듟,deuk
든,deun
듡,deun
듣,deut
들,deul
듥,deuk
듦,deum
듧,deul
듨,deul
듩,deul
듪,deup
듬,deum
듭,deup
듮,deup
듯,deut
듰,deut
등,deung
듲,deut
듳,deut
듴,deuk
듵,deut
듶,deup
듷,deu
디,di
딕,dik
딖,dik
딗,dik
딘,din
딙,din
딛,dit
딜,dil
딝,dik
딞,dim
딟,dil
딠,dil
딡,dil
딢,dip
딤,dim
딥,dip
딦,dip
딧,dit
딨,dit
딩,ding
딪,dit
딫,dit
딬,dik
딭,dit
딮,dip
딯,di
대,dae
댁,daek
댂,daek
댃,daek
댄,daen
댅,daen
댇,daet
댈,dael
댉,daek
댊,daem
댋,dael
댌,dael
댍,dael
댎,daep
댐,daem
댑,daep
댒,daep
댓,daet
댔,daet
댕,daeng
댖,daet
댗,daet
댘,daek
댙,daet
댚,daep
댛,dae
댸,dyae
댹,dyaek
댺,dyaek
댻,dyaek
댼,dyaen
댽,dyaen
댿,dyaet
덀,dyael
덁,dyaek
덂,dyaem
덃,dyael
덄,dyael
덅,dyael
덆,dyaep
덈,dyaem
덉,dyaep
덊,dyaep
덋,dyaet
덌,dyaet
덍,dyaeng
덎,dyaet
덏,dyaet
덐,dyaek
덑,dyaet
덒,dyaep
덓,dyae
데,de
덱,dek
덲,dek
덳,dek
덴,den
덵,den
덷,det
델,del
덹,dek
덺,dem
덻,del
덼,del
덽,del
덾,dep
뎀,dem
뎁,dep
뎂,dep
뎃,det
뎄,det
뎅,deng
뎆,det
뎇,det
뎈,dek
뎉,det
뎊,dep
뎋,de
뎨,dye
뎩,dyek
뎪,dyek
뎫,dyek
뎬,dyen
뎭,dyen
뎯,dyet
뎰,dyel
뎱,dyek
뎲,dyem
뎳,dyel
뎴,dyel
뎵,dyel
뎶,dyep
뎸,dyem
뎹,dyep
뎺,dyep
뎻,dyet
뎼,dyet
뎽,dyeng
뎾,dyet
뎿,dyet
돀,dyek
돁,dyet
돂,dyep
돃,dye
돠,dwa
돡,dwak
돢,dwak
돣,dwak
돤,dwan
돥,dwan
돧,dwat
돨,dwal
돩,dwak
돪,dwam
돫,dwal
돬,dwal
돭,dwal
돮,dwap
돰,dwam
돱,dwap
돲,dwap
돳,dwat
돴,dwat
돵,dwang
돶,dwat
돷,dwat
돸,dwak
돹,dwat
돺,dwap
돻,dwa
돼,dwae
돽,dwaek
돾,dwaek
돿,dwaek
됀,dwaen
됁,dwaen
됃,dwaet
됄,dwael
됅,dwaek
됆,dwaem
됇,dwael
됈,dwael
됉,dwael
됊,dwaep
됌,dwaem
됍,dwaep
됎,dwaep
됏,dwaet
됐,dwaet
됑,dwaeng
됒,dwaet
됓,dwaet
됔,dwaek
됕,dwaet
됖,dwaep
됗,dwae
되,doe
됙,doek
됚,doek
됛,doek
된,doen
됝,doen
됟,doet
될,doel
됡,doek
됢,doem
됣,doel
됤,doel
됥,doel
됦,doep
됨,doem
됩,doep
됪,doep
됫,doet
됬,doet
됭,doeng
됮,doet
됯,doet
됰,doek
됱,doet
됲,doep
됳,doe
둬,dwo
둭,dwok
둮,dwok
둯,dwok
둰,dwon
둱,dwon
둳,dwot
둴,dwol
둵,dwok
둶,dwom
둷,dwol
둸,dwol
둹,dwol
둺,dwop
둼,dwom
둽,dwop
둾,dwop
둿,dwot
뒀,dwot
뒁,dwong
뒂,dwot
뒃,dwot
뒄,dwok
뒅,dwot
뒆,dwop
뒇,dwo
뒈,dwe
뒉,dwek
뒊,dwek
뒋,dwek
뒌,dwen
뒍,dwen
뒏,dwet
뒐,dwel
뒑,dwek
뒒,dwem
뒓,dwel
뒔,dwel
뒕,dwel
뒖,dwep
뒘,dwem
뒙,dwep
뒚,dwep
뒛,dwet
뒜,dwet
뒝,dweng
뒞,dwet
뒟,dwet
뒠,dwek
뒡,dwet
뒢,dwep
뒣,dwe
뒤,dwi
뒥,dwik
뒦,dwik
뒧,dwik
뒨,dwin
뒩,dwin
뒫,dwit
뒬,dwil
뒭,dwik
뒮,dwim
뒯,dwil
뒰,dwil
뒱,dwil
뒲,dwip
뒴,dwim
뒵,dwip
뒶,dwip
뒷,dwit
뒸,dwit
뒹,dwing
뒺,dwit
뒻,dwit
뒼,dwik
뒽,dwit
뒾,dwip
뒿,dwi
듸,dui
듹,duik
듺,duik
듻,duik
듼,duin
듽,duin
듿,duit
딀,duil
딁,duik
딂,duim
딃,duil
딄,duil
딅,duil
딆,duip
딈,duim
딉,duip
딊,duip
딋,duit
딌,duit
딍,duing
딎,duit
딏,duit
딐,duik
딑,duit
딒,duip
딓,dui
라,ra
락,rak
띾,rak
띿,rak
란,ran
랁,ran
랃,rat
랄,ral
랅,rak
랆,ram
랇,ral
랈,ral
랉,ral
랊,rap
람,ram
랍,rap
랎,rap
랏,rat
랐,rat
랑,rang
랒,rat
랓,rat
랔,rak
랕,rat
랖,rap
랗,ra
랴,rya
략,ryak
랶,ryak
랷,ryak
랸,ryan
랹,ryan
랻,ryat
랼,ryal
랽,ryak
랾,ryam
랿,ryal
럀,ryal
럁,ryal
럂,ryap
럄,ryam
럅,ryap
럆,ryap
럇,ryat
럈,ryat
량,ryang
럊,ryat
럋,ryat
럌,ryak
럍,ryat
럎,ryap
럏,rya
러,reo
럭,reok
럮,reok
럯,reok
런,reon
럱,reon
럳,reot
럴,reol
럵,reok
럶,reom
럷,reol
럸,reol
럹,reol
럺,reop
럼,reom
럽,reop
럾,reop
럿,reot
렀,reot
렁,reong
렂,reot
렃,reot
렄,reok
렅,reot
렆,reop
렇,reo
려,ryeo
력,ryeok
렦,ryeok
렧,ryeok
련,ryeon
렩,ryeon
렫,ryeot
렬,ryeol
렭,ryeok
렮,ryeom
렯,ryeol
렰,ryeol
렱,ryeol
렲,ryeop
렴,ryeom
렵,ryeop
렶,ryeop
렷,ryeot
렸,ryeot
령,ryeong
렺,ryeot
렻,ryeot
렼,ryeok
렽,ryeot
렾,ryeop
렿,ryeo
로,ro
록,rok
롞,rok
롟,rok
론,ron
롡,ron
롣,rot
롤,rol
롥,rok
롦,rom
롧,rol
롨,rol
롩,rol
롪,rop
롬,rom
롭,rop
롮,rop
롯,rot
롰,rot
롱,rong
롲,rot
롳,rot
롴,rok
롵,rot
롶,rop
롷,ro
료,ryo
룍,ryok
룎,ryok
룏,ryok
룐,ryon
룑,ryon
룓,ryot
룔,ryol
룕,ryok
룖,ryom
룗,ryol
룘,ryol
룙,ryol
룚,ryop
룜,ryom
룝,ryop
룞,ryop
룟,ryot
룠,ryot
룡,ryong
룢,ryot
룣,ryot
룤,ryok
룥,ryot
룦,ryop
룧,ryo
루,ru
룩,ruk
룪,ruk
룫,ruk
룬,run
룭,run
룯,rut
룰,rul
룱,ruk
룲,rum
룳,rul
룴,rul
룵,rul
룶,rup
룸,rum
룹,rup
룺,rup
룻,rut
룼,rut
룽,rung
룾,rut
룿,rut
뤀,ruk
뤁,rut
뤂,rup
뤃,ru
류,ryu
륙,ryuk
륚,ryuk
륛,ryuk
륜,ryun
륝,ryun
륟,ryut
률,ryul
륡,ryuk
륢,ryum
륣,ryul
륤,ryul
륥,ryul
륦,ryup
륨,ryum
륩,ryup
륪,ryup
륫,ryut
륬,ryut
륭,ryung
륮,ryut
륯,ryut
륰,ryuk
륱,ryut
륲,ryup
륳,ryu
르,reu
륵,reuk
륶,reuk
륷,reuk
른,reun
륹,reun
륻,reut
를,reul
륽,reuk
륾,reum
륿,reul
릀,reul
릁,reul
릂,reup
름,reum
릅,reup
릆,reup
릇,reut
릈,reut
릉,reung
릊,reut
릋,reut
릌,reuk
릍,reut
릎,reup
릏,reu
리,ri
릭,rik
릮,rik
릯,rik
린,rin
릱,rin
릳,rit
릴,ril
릵,rik
릶,rim
릷,ril
릸,ril
릹,ril
릺,rip
림,rim
립,rip
릾,rip
릿,rit
맀,rit
링,ring
맂,rit
맃,rit
맄,rik
맅,rit
맆,rip
맇,ri
래,rae
랙,raek
랚,raek
랛,raek
랜,raen
랝,raen
랟,raet
랠,rael
랡,raek
랢,raem
랣,rael
랤,rael
랥,rael
랦,raep
램,raem
랩,raep
랪,raep
랫,raet
랬,raet
랭,raeng
랮,raet
랯,raet
랰,raek
랱,raet
랲,raep
랳,rae
럐,ryae
럑,ryaek
럒,ryaek
럓,ryaek
럔,ryaen
럕,ryaen
럗,ryaet
럘,ryael
럙,ryaek
럚,ryaem
럛,ryael
럜,ryael
럝,ryael
럞,ryaep
럠,ryaem
럡,ryaep
럢,ryaep
럣,ryaet
럤,ryaet
럥,ryaeng
럦,ryaet
럧,ryaet
럨,ryaek
럩,ryaet
럪,ryaep
럫,ryae
레,re
렉,rek
렊,rek
렋,rek
렌,ren
렍,ren
렏,ret
렐,rel
렑,rek
렒,rem
렓,rel
렔,rel
렕,rel
렖,rep
렘,rem
렙,rep
렚,rep
렛,ret
렜,ret
렝,reng
렞,ret
렟,ret
렠,rek
렡,ret
렢,rep
렣,re
례,rye
롁,ryek
롂,ryek
롃,ryek
롄,ryen
롅,ryen
롇,ryet
롈,ryel
롉,ryek
롊,ryem
롋,ryel
롌,ryel
롍,ryel
롎,ryep
롐,ryem
롑,ryep
롒,ryep
롓,ryet
롔,ryet
롕,ryeng
롖,ryet
롗,ryet
롘,ryek
롙,ryet
롚,ryep
롛,rye
롸,rwa
롹,rwak
롺,rwak
롻,rwak
롼,rwan
롽,rwan
롿,rwat
뢀,rwal
뢁,rwak
뢂,rwam
뢃,rwal
뢄,rwal
뢅,rwal
뢆,rwap
뢈,rwam
뢉,rwap
뢊,rwap
뢋,rwat
뢌,rwat
뢍,rwang
뢎,rwat
뢏,rwat
뢐,rwak
뢑,rwat
뢒,rwap
뢓,rwa
뢔,rwae
뢕,rwaek
뢖,rwaek
뢗,rwaek
뢘,rwaen
뢙,rwaen
뢛,rwaet
뢜,rwael
뢝,rwaek
뢞,rwaem
뢟,rwael
뢠,rwael
뢡,rwael
뢢,rwaep
뢤,rwaem
뢥,rwaep
뢦,rwaep
뢧,rwaet
뢨,rwaet
뢩,rwaeng
뢪,rwaet
뢫,rwaet
뢬,rwaek
뢭,rwaet
뢮,rwaep
뢯,rwae
뢰,roe
뢱,roek
뢲,roek
뢳,roek
뢴,roen
뢵,roen
뢷,roet
뢸,roel
뢹,roek
뢺,roem
뢻,roel
뢼,roel
뢽,roel
뢾,roep
룀,roem
룁,roep
룂,roep
룃,roet
룄,roet
룅,roeng
룆,roet
룇,roet
룈,roek
룉,roet
룊,roep
룋,roe
뤄,rwo
뤅,rwok
뤆,rwok
뤇,rwok
뤈,rwon
뤉,rwon
뤋,rwot
뤌,rwol
뤍,rwok
뤎,rwom
뤏,rwol
뤐,rwol
뤑,rwol
뤒,rwop
뤔,rwom
뤕,rwop
뤖,rwop
뤗,rwot
뤘,rwot
뤙,rwong
뤚,rwot
뤛,rwot
뤜,rwok
뤝,rwot
뤞,rwop
뤟,rwo
뤠,rwe
뤡,rwek
뤢,rwek
뤣,rwek
뤤,rwen
뤥,rwen
뤧,rwet
뤨,rwel
뤩,rwek
뤪,rwem
뤫,rwel
뤬,rwel
뤭,rwel
뤮,rwep
뤰,rwem
뤱,rwep
뤲,rwep
뤳,rwet
뤴,rwet
뤵,rweng
뤶,rwet
뤷,rwet
뤸,rwek
뤹,rwet
뤺,rwep
뤻,rwe
뤼,rwi
뤽,rwik
뤾,rwik
뤿,rwik
륀,rwin
륁,rwin
륃,rwit
륄,rwil
륅,rwik
륆,rwim
륇,rwil
륈,rwil
륉,rwil
륊,rwip
륌,rwim
륍,rwip
륎,rwip
륏,rwit
륐,rwit
륑,rwing
륒,rwit
륓,rwit
륔,rwik
륕,rwit
륖,rwip
륗,rwi
릐,rui
릑,ruik
릒,ruik
릓,ruik
릔,ruin
릕,ruin
릗,ruit
릘,ruil
릙,ruik
릚,ruim
릛,ruil
릜,ruil
릝,ruil
릞,ruip
릠,ruim
릡,ruip
릢,ruip
릣,ruit
릤,ruit
릥,ruing
릦,ruit
릧,ruit
릨,ruik
릩,ruit
릪,ruip
릫,rui
마,ma
막,mak
맊,mak
맋,mak
만,man
맍,man
맏,mat
말,mal
맑,mak
맒,mam
맓,mal
맔,mal
맕,mal
맖,map
맘,mam
맙,map
맚,map
맛,mat
맜,mat
망,mang
맞,mat
맟,mat
맠,mak
맡,mat
맢,map
맣,ma
먀,mya
먁,myak
먂,myak
먃,myak
먄,myan
먅,myan
먇,myat
먈,myal
먉,myak
먊,myam
먋,myal
먌,myal
먍,myal
먎,myap
먐,myam
먑,myap
먒,myap
먓,myat
먔,myat
먕,myang
먖,myat
먗,myat
먘,myak
먙,myat
먚,myap
먛,mya
머,meo
먹,meok
먺,meok
먻,meok
먼,meon
먽,meon
먿,meot
멀,meol
멁,meok
멂,meom
멃,meol
멄,meol
멅,meol
멆,meop
멈,meom
멉,meop
멊,meop
멋,meot
멌,meot
멍,meong
멎,meot
멏,meot
멐,meok
멑,meot
멒,meop
멓,meo
며,myeo
멱,myeok
멲,myeok
멳,myeok
면,myeon
멵,myeon
멷,myeot
멸,myeol
멹,myeok
멺,myeom
멻,myeol
멼,myeol
멽,myeol
멾,myeop
몀,myeom
몁,myeop
몂,myeop
몃,myeot
몄,myeot
명,myeong
몆,myeot
몇,myeot
몈,myeok
몉,myeot
몊,myeop
몋,myeo
모,mo
목,mok
몪,mok
몫,mok
몬,mon
몭,mon
몯,mot
몰,mol
몱,mok
몲,mom
몳,mol
몴,mol
몵,mol
몶,mop
몸,mom
몹,mop
몺,mop
못,mot
몼,mot
몽,mong
몾,mot
몿,mot
뫀,mok
뫁,mot
뫂,mop
뫃,mo
묘,myo
묙,myok
묚,myok
묛,myok
묜,myon
묝,myon
묟,myot
묠,myol
묡,myok
묢,myom
묣,myol
묤,myol
묥,myol
묦,myop
묨,myom
묩,myop
묪,myop
묫,myot
묬,myot
묭,myong
묮,myot
묯,myot
묰,myok
묱,myot
묲,myop
묳,myo
무,mu
묵,muk
묶,muk
묷,muk
문,mun
묹,mun
묻,mut
물,mul
묽,muk
묾,mum
묿,mul
뭀,mul
뭁,mul
뭂,mup
뭄,mum
뭅,mup
뭆,mup
뭇,mut
뭈,mut
뭉,mung
뭊,mut
뭋,mut
뭌,muk
뭍,mut
뭎,mup
뭏,mu
뮤,myu
뮥,myuk
뮦,myuk
뮧,myuk
뮨,myun
뮩,myun
뮫,myut
뮬,myul
뮭,myuk
뮮,myum
뮯,myul
뮰,myul
뮱,myul
뮲,myup
뮴,myum
뮵,myup
뮶,myup
뮷,myut
뮸,myut
뮹,myung
뮺,myut
뮻,myut
뮼,myuk
뮽,myut
뮾,myup
뮿,myu
므,meu
믁,meuk
믂,meuk
믃,meuk
믄,meun
믅,meun
믇,meut
믈,meul
믉,meuk
믊,meum
믋,meul
믌,meul
믍,meul
믎,meup
믐,meum
믑,meup
믒,meup
믓,meut
믔,meut
믕,meung
믖,meut
믗,meut
믘,meuk
믙,meut
믚,meup
믛,meu
미,mi
믹,mik
믺,mik
믻,mik
민,min
믽,min
믿,mit
밀,mil
밁,mik
밂,mim
밃,mil
밄,mil
밅,mil
밆,mip
밈,mim
밉,mip
밊,mip
밋,mit
밌,mit
밍,ming
밎,mit
및,mit
밐,mik
밑,mit
밒,mip
밓,mi
매,mae
맥,maek
맦,maek
맧,maek
맨,maen
맩,maen
맫,maet
맬,mael
맭,maek
맮,maem
맯,mael
맰,mael
맱,mael
맲,maep
맴,maem
맵,maep
맶,maep
맷,maet
맸,maet
맹,maeng
맺,maet
맻,maet
맼,maek
맽,maet
맾,maep
맿,mae
먜,myae
먝,myaek
먞,myaek
먟,myaek
먠,myaen
먡,myaen
먣,myaet
먤,myael
먥,myaek
먦,myaem
먧,myael
먨,myael
먩,myael
먪,myaep
먬,myaem
먭,myaep
먮,myaep
먯,myaet
먰,myaet
먱,myaeng
먲,myaet
먳,myaet
먴,myaek
먵,myaet
먶,myaep
먷,myae
메,me
멕,mek
멖,mek
멗,mek
멘,men
멙,men
멛,met
멜,mel
멝,mek
멞,mem
멟,mel
멠,mel
멡,mel
멢,mep
멤,mem
멥,mep
멦,mep
멧,met
멨,met
멩,meng
멪,met
멫,met
멬,mek
멭,met
멮,mep
멯,me
몌,mye
몍,myek
몎,myek
몏,myek
몐,myen
몑,myen
몓,myet
몔,myel
몕,myek
몖,myem
몗,myel
몘,myel
몙,myel
몚,myep
몜,myem
몝,myep
몞,myep
몟,myet
몠,myet
몡,myeng
몢,myet
몣,myet
몤,myek
몥,myet
몦,myep
몧,mye
뫄,mwa
뫅,mwak
뫆,mwak
뫇,mwak
뫈,mwan
뫉,mwan
뫋,mwat
뫌,mwal
뫍,mwak
뫎,mwam
뫏,mwal
뫐,mwal
뫑,mwal
뫒,mwap
뫔,mwam
뫕,mwap
뫖,mwap
뫗,mwat
뫘,mwat
뫙,mwang
뫚,mwat
뫛,mwat
뫜,mwak
뫝,mwat
뫞,mwap
뫟,mwa
뫠,mwae
뫡,mwaek
뫢,mwaek
뫣,mwaek
뫤,mwaen
뫥,mwaen
뫧,mwaet
뫨,mwael
뫩,mwaek
뫪,mwaem
뫫,mwael
뫬,mwael
뫭,mwael
뫮,mwaep
뫰,mwaem
뫱,mwaep
뫲,mwaep
뫳,mwaet
뫴,mwaet
뫵,mwaeng
뫶,mwaet
뫷,mwaet
뫸,mwaek
뫹,mwaet
뫺,mwaep
뫻,mwae
뫼,moe
뫽,moek
뫾,moek
뫿,moek
묀,moen
묁,moen
묃,moet
묄,moel
묅,moek
묆,moem
묇,moel
묈,moel
묉,moel
묊,moep
묌,moem
묍,moep
묎,moep
묏,moet
묐,moet
묑,moeng
묒,moet
묓,moet
묔,moek
묕,moet
묖,moep
묗,moe
뭐,mwo
뭑,mwok
뭒,mwok
뭓,mwok
뭔,mwon
뭕,mwon
뭗,mwot
뭘,mwol
뭙,mwok
뭚,mwom
뭛,mwol
뭜,mwol
뭝,mwol
뭞,mwop
뭠,mwom
뭡,mwop
뭢,mwop
뭣,mwot
뭤,mwot
뭥,mwong
뭦,mwot
뭧,mwot
뭨,mwok
뭩,mwot
뭪,mwop
뭫,mwo
뭬,mwe
뭭,mwek
뭮,mwek
뭯,mwek
뭰,mwen
뭱,mwen
뭳,mwet
뭴,mwel
뭵,mwek
뭶,mwem
뭷,mwel
뭸,mwel
뭹,mwel
뭺,mwep
뭼,mwem
뭽,mwep
뭾,mwep
뭿,mwet
뮀,mwet
뮁,mweng
뮂,mwet
뮃,mwet
뮄,mwek
뮅,mwet
뮆,mwep
뮇,mwe
뮈,mwi
뮉,mwik
뮊,mwik
뮋,mwik
뮌,mwin
뮍,mwin
뮏,mwit
뮐,mwil
뮑,mwik
뮒,mwim
뮓,mwil
뮔,mwil
뮕,mwil
뮖,mwip
뮘,mwim
뮙,mwip
뮚,mwip
뮛,mwit
뮜,mwit
뮝,mwing
뮞,mwit
뮟,mwit
뮠,mwik
뮡,mwit
뮢,mwip
뮣,mwi
믜,mui
믝,muik
믞,muik
믟,muik
믠,muin
믡,muin
믣,muit
믤,muil
믥,muik
믦,muim
믧,muil
믨,muil
믩,muil
믪,muip
믬,muim
믭,muip
믮,muip
믯,muit
믰,muit
믱,muing
믲,muit
믳,muit
믴,muik
믵,muit
믶,muip
믷,mui
바,ba
박,bak
밖,bak
밗,bak
반,ban
밙,ban
받,bat
발,bal
밝,bak
밞,bam
밟,bal
밠,bal
밡,bal
밢,bap
밤,bam
밥,bap
밦,bap
밧,bat
밨,bat
방,bang
밪,bat
밫,bat
밬,bak
밭,bat
밮,bap
밯,ba
뱌,bya
뱍,byak
뱎,byak
뱏,byak
뱐,byan
뱑,byan
뱓,byat
뱔,byal
뱕,byak
뱖,byam
뱗,byal
뱘,byal
뱙,byal
뱚,byap
뱜,byam
뱝,byap
뱞,byap
뱟,byat
뱠,byat
뱡,byang
뱢,byat
뱣,byat
뱤,byak
뱥,byat
뱦,byap
뱧,bya
버,beo
벅,beok
벆,beok
벇,beok
번,beon
벉,beon
벋,beot
벌,beol
벍,beok
벎,beom
벏,beol
벐,beol
벑,beol
벒,beop
범,beom
법,beop
벖,beop
벗,beot
벘,beot
벙,beong
벚,beot
벛,beot
벜,beok
벝,beot
벞,beop
벟,beo
벼,byeo
벽,byeok
벾,byeok
벿,byeok
변,byeon
볁,byeon
볃,byeot
별,byeol
볅,byeok
볆,byeom
볇,byeol
볈,byeol
볉,byeol
볊,byeop
볌,byeom
볍,byeop
볎,byeop
볏,byeot
볐,byeot
병,byeong
볒,byeot
볓,byeot
볔,byeok
볕,byeot
볖,byeop
볗,byeo
보,bo
복,bok
볶,bok
볷,bok
본,bon
볹,bon
볻,bot
볼,bol
볽,bok
볾,bom
볿,bol
봀,bol
봁,bol
봂,bop
봄,bom
봅,bop
봆,bop
봇,bot
봈,bot
봉,bong
봊,bot
봋,bot
봌,bok
봍,bot
봎,bop
봏,bo
뵤,byo
뵥,byok
뵦,byok
뵧,byok
뵨,byon
뵩,byon
뵫,byot
뵬,byol
뵭,byok
뵮,byom
뵯,byol
뵰,byol
뵱,byol
뵲,byop
뵴,byom
뵵,byop
뵶,byop
뵷,byot
뵸,byot
뵹,byong
뵺,byot
뵻,byot
뵼,byok
뵽,byot
뵾,byop
뵿,byo
부,bu
북,buk
붂,buk
붃,buk
분,bun
붅,bun
붇,but
불,bul
붉,buk
붊,bum
붋,bul
붌,bul
붍,bul
붎,bup
붐,bum
붑,bup
붒,bup
붓,but
붔,but
붕,bung
붖,but
붗,but
붘,buk
붙,but
붚,bup
붛,bu
뷰,byu
뷱,byuk
뷲,byuk
뷳,byuk
뷴,byun
뷵,byun
뷷,byut
뷸,byul
뷹,byuk
뷺,byum
뷻,byul
뷼,byul
뷽,byul
뷾,byup
븀,byum
븁,byup
븂,byup
븃,byut
븄,byut
븅,byung
븆,byut
븇,byut
븈,byuk
븉,byut
븊,byup
븋,byu
브,beu
븍,beuk
븎,beuk
븏,beuk
븐,beun
븑,beun
븓,beut
블,beul
븕,beuk
븖,beum
븗,beul
븘,beul
븙,beul
븚,beup
븜,beum
븝,beup
븞,beup
븟,beut
븠,beut
븡,beung
븢,beut
븣,beut
븤,beuk
븥,beut
븦,beup
븧,beu
비,bi
빅,bik
빆,bik
빇,bik
빈,bin
빉,bin
빋,bit
빌,bil
빍,bik
빎,bim
빏,bil
빐,bil
빑,bil
빒,bip
빔,bim
빕,bip
빖,bip
빗,bit
빘,bit
빙,bing
빚,bit
빛,bit
빜,bik
빝,bit
빞,bip
빟,bi
배,bae
백,baek
밲,baek
밳,baek
밴,baen
밵,baen
밷,baet
밸,bael
밹,baek
밺,baem
밻,bael
밼,bael
밽,bael
밾,baep
뱀,baem
뱁,baep
뱂,baep
뱃,baet
뱄,baet
뱅,baeng
뱆,baet
뱇,baet
뱈,baek
뱉,baet
뱊,baep
뱋,bae
뱨,byae
뱩,byaek
뱪,byaek
뱫,byaek
뱬,byaen
뱭,byaen
뱯,byaet
뱰,byael
뱱,byaek
뱲,byaem
뱳,byael
뱴,byael
뱵,byael
뱶,byaep
뱸,byaem
뱹,byaep
뱺,byaep
뱻,byaet
뱼,byaet
뱽,byaeng
뱾,byaet
뱿,byaet
벀,byaek
벁,byaet
벂,byaep
벃,byae
베,be
벡,bek
벢,bek
벣,bek
벤,ben
벥,ben
벧,bet
벨,bel
벩,bek
벪,bem
벫,bel
벬,bel
벭,bel
벮,bep
벰,bem
벱,bep
벲,bep
벳,bet
벴,bet
벵,beng
벶,bet
벷,bet
벸,bek
벹,bet
벺,bep
벻,be
볘,bye
볙,byek
볚,byek
볛,byek
볜,byen
볝,byen
볟,byet
볠,byel
볡,byek
볢,byem
볣,byel
볤,byel
볥,byel
볦,byep
볨,byem
볩,byep
볪,byep
볫,byet
볬,byet
볭,byeng
볮,byet
볯,byet
볰,byek
볱,byet
볲,byep
볳,bye
봐,bwa
봑,bwak
봒,bwak
봓,bwak
봔,bwan
봕,bwan
봗,bwat
봘,bwal
봙,bwak
봚,bwam
봛,bwal
봜,bwal
봝,bwal
봞,bwap
봠,bwam
봡,bwap
봢,bwap
봣,bwat
봤,bwat
봥,bwang
봦,bwat
봧,bwat
봨,bwak
봩,bwat
봪,bwap
봫,bwa
봬,bwae
봭,bwaek
봮,bwaek
봯,bwaek
봰,bwaen
봱,bwaen
봳,bwaet
봴,bwael
봵,bwaek
봶,bwaem
봷,bwael
봸,bwael
봹,bwael
봺,bwaep
봼,bwaem
봽,bwaep
봾,bwaep
봿,bwaet
뵀,bwaet
뵁,bwaeng
뵂,bwaet
뵃,bwaet
뵄,bwaek
뵅,bwaet
뵆,bwaep
뵇,bwae
뵈,boe
뵉,boek
뵊,boek
뵋,boek
뵌,boen
뵍,boen
뵏,boet
뵐,boel
뵑,boek
뵒,boem
뵓,boel
뵔,boel
뵕,boel
뵖,boep
뵘,boem
뵙,boep
뵚,boep
뵛,boet
뵜,boet
뵝,boeng
뵞,boet
뵟,boet
뵠,boek
뵡,boet
뵢,boep
뵣,boe
붜,bwo
붝,bwok
붞,bwok
붟,bwok
붠,bwon
붡,bwon
붣,bwot
붤,bwol
붥,bwok
붦,bwom
붧,bwol
붨,bwol
붩,bwol
붪,bwop
붬,bwom
붭,bwop
붮,bwop
붯,bwot
붰,bwot
붱,bwong
붲,bwot
붳,bwot
붴,bwok
붵,bwot
붶,bwop
붷,bwo
붸,bwe
붹,bwek
붺,bwek
붻,bwek
붼,bwen
붽,bwen
붿,bwet
뷀,bwel
뷁,bwek
뷂,bwem
뷃,bwel
뷄,bwel
뷅,bwel
뷆,bwep
뷈,bwem
뷉,bwep
뷊,bwep
뷋,bwet
뷌,bwet
뷍,bweng
뷎,bwet
뷏,bwet
뷐,bwek
뷑,bwet
뷒,bwep
뷓,bwe
뷔,bwi
뷕,bwik
뷖,bwik
뷗,bwik
뷘,bwin
뷙,bwin
뷛,bwit
뷜,bwil
뷝,bwik
뷞,bwim
뷟,bwil
뷠,bwil
뷡,bwil
뷢,bwip
뷤,bwim
뷥,bwip
뷦,bwip
뷧,bwit
뷨,bwit
뷩,bwing
뷪,bwit
뷫,bwit
뷬,bwik
뷭,bwit
뷮,bwip
뷯,bwi
븨,bui
븩,buik
븪,buik
븫,buik
븬,buin
븭,buin
븯,buit
븰,buil
븱,buik
븲,buim
븳,buil
븴,buil
븵,buil
븶,buip
븸,buim
븹,buip
븺,buip
븻,buit
븼,buit
븽,buing
븾,buit
븿,buit
빀,buik
빁,buit
빂,buip
빃,bui
사,sa
삭,sak
삮,sak
삯,sak
산,san
삱,san
삳,sat
살,sal
삵,sak
삶,sam
삷,sal
삸,sal
삹,sal
삺,sap
삼,sam
삽,sap
삾,sap
삿,sat
샀,sat
상,sang
샂,sat
샃,sat
샄,sak
샅,sat
샆,sap
샇,sa
샤,sya
샥,syak
샦,syak
샧,syak
샨,syan
샩,syan
샫,syat
샬,syal
샭,syak
샮,syam
샯,syal
샰,syal
샱,syal
샲,syap
샴,syam
샵,syap
샶,syap
샷,syat
샸,syat
샹,syang
샺,syat
샻,syat
샼,syak
샽,syat
샾,syap
샿,sya
서,seo
석,seok
섞,seok
섟,seok
선,seon
섡,seon
섣,seot
설,seol
섥,seok
섦,seom
섧,seol
섨,seol
섩,seol
섪,seop
섬,seom
섭,seop
섮,seop
섯,seot
섰,seot
성,seong
섲,seot
섳,seot
섴,seok
섵,seot
섶,seop
섷,seo
셔,syeo
셕,syeok
셖,syeok
셗,syeok
션,syeon
셙,syeon
셛,syeot
셜,syeol
셝,syeok
셞,syeom
셟,syeol
셠,syeol
셡,syeol
셢,syeop
셤,syeom
셥,syeop
셦,syeop
셧,syeot
셨,syeot
셩,syeong
셪,syeot
셫,syeot
셬,syeok
셭,syeot
셮,syeop
셯,syeo
소,so
속,sok
솎,sok
솏,sok
손,son
솑,son
솓,sot
솔,sol
솕,sok
솖,som
솗,sol
솘,sol
솙,sol
솚,sop
솜,som
솝,sop
솞,sop
솟,sot
솠,sot
송,song
솢,sot
솣,sot
솤,sok
솥,sot
솦,sop
솧,so
쇼,syo
쇽,syok
쇾,syok
쇿,syok
숀,syon
숁,syon
숃,syot
숄,syol
숅,syok
숆,syom
숇,syol
숈,syol
숉,syol
숊,syop
숌,syom
숍,syop
숎,syop
숏,syot
숐,syot
숑,syong
숒,syot
숓,syot
숔,syok
숕,syot
숖,syop
숗,syo
수,su
숙,suk
숚,suk
숛,suk
순,sun
숝,sun
숟,sut
술,sul
숡,suk
숢,sum
숣,sul
숤,sul
숥,sul
숦,sup
숨,sum
숩,sup
숪,sup
숫,sut
숬,sut
숭,sung
숮,sut
숯,sut
숰,suk
숱,sut
숲,sup
숳,su
슈,syu
슉,syuk
슊,syuk
슋,syuk
슌,syun
슍,syun
슏,syut
슐,syul
슑,syuk
슒,syum
슓,syul
슔,syul
슕,syul
슖,syup
슘,syum
슙,syup
슚,syup
슛,syut
슜,syut
슝,syung
슞,syut
슟,syut
슠,syuk
슡,syut
슢,syup
슣,syu
스,seu
슥,seuk
슦,seuk
슧,seuk
슨,seun
슩,seun
슫,seut
슬,seul
슭,seuk
슮,seum
슯,seul
슰,seul
슱,seul
슲,seup
슴,seum
습,seup
슶,seup
슷,seut
슸,seut
승,seung
슺,seut
슻,seut
슼,seuk
슽,seut
슾,seup
슿,seu
시,si
식,sik
싞,sik
싟,sik
신,sin
싡,sin
싣,sit
실,sil
싥,sik
싦,sim
싧,sil
싨,sil
싩,sil
싪,sip
심,sim
십,sip
싮,sip
싯,sit
싰,sit
싱,sing
싲,sit
싳,sit
싴,sik
싵,sit
싶,sip
싷,si
새,sae
색,saek
샊,saek
샋,saek
샌,saen
샍,saen
샏,saet
샐,sael
샑,saek
샒,saem
샓,sael
샔,sael
샕,sael
샖,saep
샘,saem
샙,saep
샚,saep
샛,saet
샜,saet
생,saeng
샞,saet
샟,saet
샠,saek
샡,saet
샢,saep
샣,sae
섀,syae
섁,syaek
섂,syaek
섃,syaek
섄,syaen
섅,syaen
섇,syaet
섈,syael
섉,syaek
섊,syaem
섋,syael
섌,syael
섍,syael
섎,syaep
섐,syaem
섑,syaep
섒,syaep
섓,syaet
섔,syaet
섕,syaeng
섖,syaet
섗,syaet
섘,syaek
섙,syaet
섚,syaep
섛,syae
세,se
섹,sek
섺,sek
섻,sek
센,sen
섽,sen
섿,set
셀,sel
셁,sek
셂,sem
셃,sel
셄,sel
셅,sel
셆,sep
셈,sem
셉,sep
셊,sep
셋,set
셌,set
셍,seng
셎,set
셏,set
셐,sek
셑,set
셒,sep
셓,se
셰,sye
셱,syek
셲,syek
셳,syek
셴,syen
셵,syen
셷,syet
셸,syel
셹,syek
셺,syem
셻,syel
셼,syel
셽,syel
셾,syep
솀,syem
솁,syep
솂,syep
솃,syet
솄,syet
솅,syeng
솆,syet
솇,syet
솈,syek
솉,syet
솊,syep
솋,sye
솨,swa
솩,swak
솪,swak
솫,swak
솬,swan
솭,swan
솯,swat
솰,swal
솱,swak
솲,swam
솳,swal
솴,swal
솵,swal
솶,swap
솸,swam
솹,swap
솺,swap
솻,swat
솼,swat
솽,swang
솾,swat
솿,swat
쇀,swak
쇁,swat
쇂,swap
쇃,swa
쇄,swae
쇅,swaek
쇆,swaek
쇇,swaek
쇈,swaen
쇉,swaen
쇋,swaet
쇌,swael
쇍,swaek
쇎,swaem
쇏,swael
쇐,swael
쇑,swael
쇒,swaep
쇔,swaem
쇕,swaep
쇖,swaep
쇗,swaet
쇘,swaet
쇙,swaeng
쇚,swaet
쇛,swaet
쇜,swaek
쇝,swaet
쇞,swaep
쇟,swae
쇠,soe
쇡,soek
쇢,soek
쇣,soek
쇤,soen
쇥,soen
쇧,soet
쇨,soel
쇩,soek
쇪,soem
쇫,soel
쇬,soel
쇭,soel
쇮,soep
쇰,soem
쇱,soep
쇲,soep
쇳,soet
쇴,soet
쇵,soeng
쇶,soet
쇷,soet
쇸,soek
쇹,soet
쇺,soep
쇻,soe
숴,swo
숵,swok
숶,swok
숷,swok
숸,swon
숹,swon
숻,swot
숼,swol
숽,swok
숾,swom
숿,swol
쉀,swol
쉁,swol
쉂,swop
쉄,swom
쉅,swop
쉆,swop
쉇,swot
쉈,swot
쉉,swong
쉊,swot
쉋,swot
쉌,swok
쉍,swot
쉎,swop
쉏,swo
쉐,swe
쉑,swek
쉒,swek
쉓,swek
쉔,swen
쉕,swen
쉗,swet
쉘,swel
쉙,swek
쉚,swem
쉛,swel
쉜,swel
쉝,swel
쉞,swep
쉠,swem
쉡,swep
쉢,swep
쉣,swet
쉤,swet
쉥,sweng
쉦,swet
쉧,swet
쉨,swek
쉩,swet
쉪,swep
쉫,swe
쉬,swi
쉭,swik
쉮,swik
쉯,swik
쉰,swin
쉱,swin
쉳,swit
쉴,swil
쉵,swik
쉶,swim
쉷,swil
쉸,swil
쉹,swil
쉺,swip
쉼,swim
쉽,swip
쉾,swip
쉿,swit
슀,swit
슁,swing
슂,swit
슃,swit
슄,swik
슅,swit
슆,swip
슇,swi
싀,sui
싁,suik
싂,suik
싃,suik
싄,suin
싅,suin
싇,suit
싈,suil
싉,suik
싊,suim
싋,suil
싌,suil
싍,suil
싎,suip
싐,suim
싑,suip
싒,suip
싓,suit
싔,suit
싕,suing
싖,suit
싗,suit
싘,suik
싙,suit
싚,suip
싛,sui
아,a
악,ak
앆,ak
앇,ak
안,an
앉,an
앋,at
알,al
앍,ak
앎,am
앏,al
앐,al
앑,al
앒,ap
암,am
압,ap
앖,ap
앗,at
았,at
앙,ang
앚,at
앛,at
앜,ak
앝,at
앞,ap
앟,a
야,ya
약,yak
앾,yak
앿,yak
얀,yan
얁,yan
얃,yat
얄,yal
얅,yak
얆,yam
얇,yal
얈,yal
얉,yal
얊,yap
얌,yam
얍,yap
얎,yap
얏,yat
얐,yat
양,yang
얒,yat
얓,yat
얔,yak
얕,yat
얖,yap
얗,ya
어,eo
억,eok
얶,eok
얷,eok
언,eon
얹,eon
얻,eot
얼,eol
얽,eok
얾,eom
얿,eol
엀,eol
엁,eol
엂,eop
엄,eom
업,eop
없,eop
엇,eot
었,eot
엉,eong
엊,eot
엋,eot
엌,eok
엍,eot
엎,eop
엏,eo
여,yeo
역,yeok
엮,yeok
엯,yeok
연,yeon
엱,yeon
엳,yeot
열,yeol
엵,yeok
엶,yeom
엷,yeol
엸,yeol
엹,yeol
엺,yeop
염,yeom
엽,yeop
엾,yeop
엿,yeot
였,yeot
영,yeong
옂,yeot
옃,yeot
옄,yeok
옅,yeot
옆,yeop
옇,yeo
오,o
옥,ok
옦,ok
옧,ok
온,on
옩,on
옫,ot
올,ol
옭,ok
옮,om
옯,ol
옰,ol
옱,ol
옲,op
옴,om
옵,op
옶,op
옷,ot
옸,ot
옹,ong
옺,ot
옻,ot
옼,ok
옽,ot
옾,op
옿,o
요,yo
욕,yok
욖,yok
욗,yok
욘,yon
욙,yon
욛,yot
욜,yol
욝,yok
욞,yom
욟,yol
욠,yol
욡,yol
욢,yop
욤,yom
욥,yop
욦,yop
욧,yot
욨,yot
용,yong
욪,yot
욫,yot
욬,yok
욭,yot
욮,yop
욯,yo
우,u
욱,uk
욲,uk
욳,uk
운,un
욵,un
욷,ut
울,ul
욹,uk
욺,um
욻,ul
욼,ul
욽,ul
욾,up
움,um
웁,up
웂,up
웃,ut
웄,ut
웅,ung
웆,ut
웇,ut
웈,uk
웉,ut
웊,up
웋,u
유,yu
육,yuk
윢,yuk
윣,yuk
윤,yun
윥,yun
윧,yut
율,yul
윩,yuk
윪,yum
윫,yul
윬,yul
윭,yul
윮,yup
윰,yum
윱,yup
윲,yup
윳,yut
윴,yut
융,yung
윶,yut
윷,yut
윸,yuk
윹,yut
윺,yup
윻,yu
으,eu
윽,euk
윾,euk
윿,euk
은,eun
읁,eun
읃,eut
을,eul
읅,euk
읆,eum
읇,eul
읈,eul
읉,eul
읊,eup
음,eum
읍,eup
읎,eup
읏,eut
읐,eut
응,eung
읒,eut
읓,eut
읔,euk
읕,eut
읖,eup
읗,eu
이,i
익,ik
읶,ik
읷,ik
인,in
읹,in
읻,it
일,il
읽,ik
읾,im
읿,il
잀,il
잁,il
잂,ip
임,im
입,ip
잆,ip
잇,it
있,it
잉,ing
잊,it
잋,it
잌,ik
잍,it
잎,ip
잏,i
애,ae
액,aek
앢,aek
앣,aek
앤,aen
앥,aen
앧,aet
앨,ael
앩,aek
앪,aem
앫,ael
앬,ael
앭,ael
앮,aep
앰,aem
앱,aep
앲,aep
앳,aet
앴,aet
앵,aeng
앶,aet
앷,aet
앸,aek
앹,aet
앺,aep
앻,ae
얘,yae
얙,yaek
얚,yaek
얛,yaek
얜,yaen
얝,yaen
얟,yaet
얠,yael
얡,yaek
얢,yaem
얣,yael
얤,yael
얥,yael
얦,yaep
얨,yaem
얩,yaep
얪,yaep
얫,yaet
얬,yaet
얭,yaeng
얮,yaet
얯,yaet
얰,yaek
얱,yaet
얲,yaep
얳,yae
에,e
엑,ek
엒,ek
엓,ek
엔,en
엕,en
엗,et
엘,el
엙,ek
엚,em
엛,el
엜,el
엝,el
엞,ep
엠,em
엡,ep
엢,ep
엣,et
엤,et
엥,eng
엦,et
엧,et
엨,ek
엩,et
엪,ep
엫,e
예,ye
옉,yek
옊,yek
옋,yek
옌,yen
옍,yen
옏,yet
옐,yel
옑,yek
옒,yem
옓,yel
옔,yel
옕,yel
옖,yep
옘,yem
옙,yep
옚,yep
옛,yet
옜,yet
옝,yeng
옞,yet
옟,yet
옠,yek
옡,yet
옢,yep
옣,ye
와,wa
왁,wak
왂,wak
왃,wak
완,wan
왅,wan
왇,wat
왈,wal
왉,wak
왊,wam
왋,wal
왌,wal
왍,wal
왎,wap
왐,wam
왑,wap
왒,wap
왓,wat
왔,wat
왕,wang
왖,wat
왗,wat
왘,wak
왙,wat
왚,wap
왛,wa
왜,wae
왝,waek
왞,waek
왟,waek
왠,waen
왡,waen
왣,waet
왤,wael
왥,waek
왦,waem
왧,wael
왨,wael
왩,wael
왪,waep
왬,waem
왭,waep
왮,waep
왯,waet
왰,waet
왱,waeng
왲,waet
왳,waet
왴,waek
왵,waet
왶,waep
왷,wae
외,oe
왹,oek
왺,oek
왻,oek
왼,oen
왽,oen
왿,oet
욀,oel
욁,oek
욂,oem
욃,oel
욄,oel
욅,oel
욆,oep
욈,oem
욉,oep
욊,oep
욋,oet
욌,oet
욍,oeng
욎,oet
욏,oet
욐,oek
욑,oet
욒,oep
욓,oe
워,wo
웍,wok
웎,wok
웏,wok
원,won
웑,won
웓,wot
월,wol
웕,wok
웖,wom
웗,wol
웘,wol
웙,wol
웚,wop
웜,wom
웝,wop
웞,wop
웟,wot
웠,wot
웡,wong
웢,wot
웣,wot
웤,wok
웥,wot
웦,wop
웧,wo
웨,we
웩,wek
웪,wek
웫,wek
웬,wen
웭,wen
웯,wet
웰,wel
웱,wek
웲,wem
웳,wel
웴,wel
웵,wel
웶,wep
웸,wem
웹,wep
웺,wep
웻,wet
웼,wet
웽,weng
웾,wet
웿,wet
윀,wek
윁,wet
윂,wep
윃,we
위,wi
윅,wik
윆,wik
윇,wik
윈,win
윉,win
윋,wit
윌,wil
윍,wik
윎,wim
윏,wil
윐,wil
윑,wil
윒,wip
윔,wim
윕,wip
윖,wip
윗,wit
윘,wit
윙,wing
윚,wit
윛,wit
윜,wik
윝,wit
윞,wip
윟,wi
의,ui
읙,uik
읚,uik
읛,uik
읜,uin
읝,uin
읟,uit
읠,uil
읡,uik
읢,uim
읣,uil
읤,uil
읥,uil
읦,uip
읨,uim
읩,uip
읪,uip
읫,uit
읬,uit
읭,uing
읮,uit
읯,uit
읰,uik
읱,uit
읲,uip
읳,ui
자,ja
작,jak
잒,jak
잓,jak
잔,jan
잕,jan
잗,jat
잘,jal
잙,jak
잚,jam
잛,jal
잜,jal
잝,jal
잞,jap
잠,jam
잡,jap
잢,jap
잣,jat
잤,jat
장,jang
잦,jat
잧,jat
잨,jak
잩,jat
잪,jap
잫,ja
쟈,jya
쟉,jyak
쟊,jyak
쟋,jyak
쟌,jyan
쟍,jyan
쟏,jyat
쟐,jyal
쟑,jyak
쟒,jyam
쟓,jyal
쟔,jyal
쟕,jyal
쟖,jyap
쟘,jyam
쟙,jyap
쟚,jyap
쟛,jyat
쟜,jyat
쟝,jyang
쟞,jyat
쟟,jyat
쟠,jyak
쟡,jyat
쟢,jyap
쟣,jya
저,jeo
적,jeok
젂,jeok
젃,jeok
전,jeon
젅,jeon
젇,jeot
절,jeol
젉,jeok
젊,jeom
젋,jeol
젌,jeol
젍,jeol
젎,jeop
점,jeom
접,jeop
젒,jeop
젓,jeot
젔,jeot
정,jeong
젖,jeot
젗,jeot
젘,jeok
젙,jeot
젚,jeop
젛,jeo
져,jyeo
젹,jyeok
젺,jyeok
젻,jyeok
젼,jyeon
젽,jyeon
젿,jyeot
졀,jyeol
졁,jyeok
졂,jyeom
졃,jyeol
졄,jyeol
졅,jyeol
졆,jyeop
졈,jyeom
졉,jyeop
졊,jyeop
졋,jyeot
졌,jyeot
졍,jyeong
졎,jyeot
졏,jyeot
졐,jyeok
졑,jyeot
졒,jyeop
졓,jyeo
조,jo
족,jok
졲,jok
졳,jok
존,jon
졵,jon
졷,jot
졸,jol
졹,jok
졺,jom
졻,jol
졼,jol
졽,jol
졾,jop
좀,jom
좁,jop
좂,jop
좃,jot
좄,jot
종,jong
좆,jot
좇,jot
좈,jok
좉,jot
좊,jop
좋,jo
죠,jyo
죡,jyok
죢,jyok
죣,jyok
죤,jyon
죥,jyon
죧,jyot
죨,jyol
죩,jyok
죪,jyom
죫,jyol
죬,jyol
죭,jyol
죮,jyop
죰,jyom
죱,jyop
죲,jyop
죳,jyot
죴,jyot
죵,jyong
죶,jyot
죷,jyot
죸,jyok
죹,jyot
죺,jyop
죻,jyo
주,ju
죽,juk
죾,juk
죿,juk
준,jun
줁,jun
줃,jut
줄,jul
줅,juk
줆,jum
줇,jul
줈,jul
줉,jul
줊,jup
줌,jum
줍,jup
줎,jup
줏,jut
줐,jut
중,jung
줒,jut
줓,jut
줔,juk
줕,jut
줖,jup
줗,ju
쥬,jyu
쥭,jyuk
쥮,jyuk
쥯,jyuk
쥰,jyun
쥱,jyun
쥳,jyut
쥴,jyul
쥵,jyuk
쥶,jyum
쥷,jyul
쥸,jyul
쥹,jyul
쥺,jyup
쥼,jyum
쥽,jyup
쥾,jyup
쥿,jyut
즀,jyut
즁,jyung
즂,jyut
즃,jyut
즄,jyuk
즅,jyut
즆,jyup
즇,jyu
즈,jeu
즉,jeuk
즊,jeuk
즋,jeuk
즌,jeun
즍,jeun
즏,jeut
즐,jeul
즑,jeuk
즒,jeum
즓,jeul
즔,jeul
즕,jeul
즖,jeup
즘,jeum
즙,jeup
즚,jeup
즛,jeut
즜,jeut
증,jeung
즞,jeut
즟,jeut
즠,jeuk
즡,jeut
즢,jeup
즣,jeu
지,ji
직,jik
짂,jik
짃,jik
진,jin
짅,jin
짇,jit
질,jil
짉,jik
짊,jim
짋,jil
짌,jil
짍,jil
짎,jip
짐,jim
집,jip
짒,jip
짓,jit
짔,jit
징,jing
짖,jit
짗,jit
짘,jik
짙,jit
짚,jip
짛,ji
재,jae
잭,jaek
잮,jaek
잯,jaek
잰,jaen
잱,jaen
잳,jaet
잴,jael
잵,jaek
잶,jaem
잷,jael
잸,jael
잹,jael
잺,jaep
잼,jaem
잽,jaep
잾,jaep
잿,jaet
쟀,jaet
쟁,jaeng
쟂,jaet
쟃,jaet
쟄,jaek
쟅,jaet
쟆,jaep
쟇,jae
쟤,jyae
쟥,jyaek
쟦,jyaek
쟧,jyaek
쟨,jyaen
쟩,jyaen
쟫,jyaet
쟬,jyael
쟭,jyaek
쟮,jyaem
쟯,jyael
쟰,jyael
쟱,jyael
쟲,jyaep
쟴,jyaem
쟵,jyaep
쟶,jyaep
쟷,jyaet
쟸,jyaet
쟹,jyaeng
쟺,jyaet
쟻,jyaet
쟼,jyaek
쟽,jyaet
쟾,jyaep
쟿,jyae
제,je
젝,jek
젞,jek
젟,jek
젠,jen
젡,jen
젣,jet
젤,jel
젥,jek
젦,jem
젧,jel
젨,jel
젩,jel
젪,jep
젬,jem
젭,jep
젮,jep
젯,jet
젰,jet
젱,jeng
젲,jet
젳,jet
젴,jek
젵,jet
젶,jep
젷,je
졔,jye
졕,jyek
졖,jyek
졗,jyek
졘,jyen
졙,jyen
졛,jyet
졜,jyel
졝,jyek
졞,jyem
졟,jyel
졠,jyel
졡,jyel
졢,jyep
졤,jyem
졥,jyep
졦,jyep
졧,jyet
졨,jyet
졩,jyeng
졪,jyet
졫,jyet
졬,jyek
졭,jyet
졮,jyep
졯,jye
좌,jwa
좍,jwak
좎,jwak
좏,jwak
좐,jwan
좑,jwan
좓,jwat
좔,jwal
좕,jwak
좖,jwam
좗,jwal
좘,jwal
좙,jwal
좚,jwap
좜,jwam
좝,jwap
좞,jwap
좟,jwat
좠,jwat
좡,jwang
좢,jwat
좣,jwat
좤,jwak
좥,jwat
좦,jwap
좧,jwa
좨,jwae
좩,jwaek
좪,jwaek
좫,jwaek
좬,jwaen
좭,jwaen
좯,jwaet
좰,jwael
좱,jwaek
좲,jwaem
좳,jwael
좴,jwael
좵,jwael
좶,jwaep
좸,jwaem
좹,jwaep
좺,jwaep
좻,jwaet
좼,jwaet
좽,jwaeng
좾,jwaet
좿,jwaet
죀,jwaek
죁,jwaet
죂,jwaep
죃,jwae
죄,joe
죅,joek
죆,joek
죇,joek
죈,joen
죉,joen
죋,joet
죌,joel
죍,joek
죎,joem
죏,joel
죐,joel
죑,joel
죒,joep
죔,joem
죕,joep
죖,joep
죗,joet
죘,joet
죙,joeng
죚,joet
죛,joet
죜,joek
죝,joet
죞,joep
죟,joe
줘,jwo
줙,jwok
줚,jwok
줛,jwok
줜,jwon
줝,jwon
줟,jwot
줠,jwol
줡,jwok
줢,jwom
줣,jwol
줤,jwol
줥,jwol
줦,jwop
줨,jwom
줩,jwop
줪,jwop
줫,jwot
줬,jwot
줭,jwong
줮,jwot
줯,jwot
줰,jwok
줱,jwot
줲,jwop
줳,jwo
줴,jwe
줵,jwek
줶,jwek
줷,jwek
줸,jwen
줹,jwen
줻,jwet
줼,jwel
줽,jwek
줾,jwem
줿,jwel
쥀,jwel
쥁,jwel
쥂,jwep
쥄,jwem
쥅,jwep
쥆,jwep
쥇,jwet
쥈,jwet
쥉,jweng
쥊,jwet
쥋,jwet
쥌,jwek
쥍,jwet
쥎,jwep
쥏,jwe
쥐,jwi
쥑,jwik
쥒,jwik
쥓,jwik
쥔,jwin
쥕,jwin
쥗,jwit
쥘,jwil
쥙,jwik
쥚,jwim
쥛,jwil
쥜,jwil
쥝,jwil
쥞,jwip
쥠,jwim
쥡,jwip
쥢,jwip
쥣,jwit
쥤,jwit
쥥,jwing
쥦,jwit
쥧,jwit
쥨,jwik
쥩,jwit
쥪,jwip
쥫,jwi
즤,jui
즥,juik
즦,juik
즧,juik
즨,juin
즩,juin
즫,juit
즬,juil
즭,juik
즮,juim
즯,juil
즰,juil
즱,juil
즲,juip
즴,juim
즵,juip
즶,juip
즷,juit
즸,juit
즹,juing
즺,juit
즻,juit
즼,juik
즽,juit
즾,juip
즿,jui
차,cha
착,chak
찪,chak
찫,chak
찬,chan
찭,chan
찯,chat
찰,chal
찱,chak
찲,cham
찳,chal
찴,chal
찵,chal
찶,chap
참,cham
찹,chap
찺,chap
찻,chat
찼,chat
창,chang
찾,chat
찿,chat
챀,chak
챁,chat
챂,chap
챃,cha
챠,chya
챡,chyak
챢,chyak
챣,chyak
챤,chyan
챥,chyan
챧,chyat
챨,chyal
챩,chyak
챪,chyam
챫,chyal
챬,chyal
챭,chyal
챮,chyap
챰,chyam
챱,chyap
챲,chyap
챳,chyat
챴,chyat
챵,chyang
챶,chyat
챷,chyat
챸,chyak
챹,chyat
챺,chyap
챻,chya
처,cheo
척,cheok
첚,cheok
첛,cheok
천,cheon
첝,cheon
첟,cheot
철,cheol
첡,cheok
첢,cheom
첣,cheol
첤,cheol
첥,cheol
첦,cheop
첨,cheom
첩,cheop
첪,cheop
첫,cheot
첬,cheot
청,cheong
첮,cheot
첯,cheot
첰,cheok
첱,cheot
첲,cheop
첳,cheo
쳐,chyeo
쳑,chyeok
쳒,chyeok
쳓,chyeok
쳔,chyeon
쳕,chyeon
쳗,chyeot
쳘,chyeol
쳙,chyeok
쳚,chyeom
쳛,chyeol
쳜,chyeol
쳝,chyeol
쳞,chyeop
쳠,chyeom
쳡,chyeop
쳢,chyeop
쳣,chyeot
쳤,chyeot
쳥,chyeong
쳦,chyeot
쳧,chyeot
쳨,chyeok
쳩,chyeot
쳪,chyeop
쳫,chyeo
초,cho
촉,chok
촊,chok
촋,chok
촌,chon
촍,chon
촏,chot
촐,chol
촑,chok
촒,chom
촓,chol
촔,chol
촕,chol
촖,chop
촘,chom
촙,chop
촚,chop
촛,chot
촜,chot
총,chong
촞,chot
촟,chot
촠,chok
촡,chot
촢,chop
촣,cho
쵸,chyo
쵹,chyok
쵺,chyok
쵻,chyok
쵼,chyon
쵽,chyon
쵿,chyot
춀,chyol
춁,chyok
춂,chyom
춃,chyol
춄,chyol
춅,chyol
춆,chyop
춈,chyom
춉,chyop
춊,chyop
춋,chyot
춌,chyot
춍,chyong
춎,chyot
춏,chyot
춐,chyok
춑,chyot
춒,chyop
춓,chyo
추,chu
축,chuk
춖,chuk
춗,chuk
춘,chun
춙,chun
춛,chut
출,chul
춝,chuk
춞,chum
춟,chul
춠,chul
춡,chul
춢,chup
춤,chum
춥,chup
춦,chup
춧,chut
춨,chut
충,chung
춪,chut
춫,chut
춬,chuk
춭,chut
춮,chup
춯,chu
츄,chyu
츅,chyuk
츆,chyuk
츇,chyuk
츈,chyun
츉,chyun
츋,chyut
츌,chyul
츍,chyuk
츎,chyum
츏,chyul
츐,chyul
츑,chyul
츒,chyup
츔,chyum
츕,chyup
츖,chyup
츗,chyut
츘,chyut
츙,chyung
츚,chyut
츛,chyut
츜,chyuk
츝,chyut
츞,chyup
츟,chyu
츠,cheu
측,cheuk
츢,cheuk
츣,cheuk
츤,cheun
츥,cheun
츧,cheut
츨,cheul
츩,cheuk
츪,cheum
츫,cheul
츬,cheul
츭,cheul
츮,cheup
츰,cheum
츱,cheup
츲,cheup
츳,cheut
츴,cheut
층,cheung
츶,cheut
츷,cheut
츸,cheuk
츹,cheut
츺,cheup
츻,cheu
치,chi
칙,chik
칚,chik
칛,chik
친,chin
칝,chin
칟,chit
칠,chil
칡,chik
칢,chim
칣,chil
칤,chil
칥,chil
칦,chip
침,chim
칩,chip
칪,chip
칫,chit
칬,chit
칭,ching
칮,chit
칯,chit
칰,chik
칱,chit
칲,chip
칳,chi
채,chae
책,chaek
챆,chaek
챇,chaek
챈,chaen
챉,chaen
챋,chaet
챌,chael
챍,chaek
챎,chaem
챏,chael
챐,chael
챑,chael
챒,chaep
챔,chaem
챕,chaep
챖,chaep
챗,chaet
챘,chaet
챙,chaeng
챚,chaet
챛,chaet
챜,chaek
챝,chaet
챞,chaep
챟,chae
챼,chyae
챽,chyaek
챾,chyaek
챿,chyaek
첀,chyaen
첁,chyaen
첃,chyaet
첄,chyael
첅,chyaek
첆,chyaem
첇,chyael
첈,chyael
첉,chyael
첊,chyaep
첌,chyaem
첍,chyaep
첎,chyaep
첏,chyaet
첐,chyaet
첑,chyaeng
첒,chyaet
첓,chyaet
첔,chyaek
첕,chyaet
첖,chyaep
첗,chyae
체,che
첵,chek
첶,chek
첷,chek
첸,chen
첹,chen
첻,chet
첼,chel
첽,chek
첾,chem
첿,chel
쳀,chel
쳁,chel
쳂,chep
쳄,chem
쳅,chep
쳆,chep
쳇,chet
쳈,chet
쳉,cheng
쳊,chet
쳋,chet
쳌,chek
쳍,chet
쳎,chep
쳏,che
쳬,chye
쳭,chyek
쳮,chyek
쳯,chyek
쳰,chyen
쳱,chyen
쳳,chyet
쳴,chyel
쳵,chyek
쳶,chyem
쳷,chyel
쳸,chyel
쳹,chyel
쳺,chyep
쳼,chyem
쳽,chyep
쳾,chyep
쳿,chyet
촀,chyet
촁,chyeng
촂,chyet
촃,chyet
촄,chyek
촅,chyet
촆,chyep
촇,chye
촤,chwa
촥,chwak
촦,chwak
촧,chwak
촨,chwan
촩,chwan
촫,chwat
촬,chwal
촭,chwak
촮,chwam
촯,chwal
촰,chwal
촱,chwal
촲,chwap
촴,chwam
촵,chwap
촶,chwap
촷,chwat
촸,chwat
촹,chwang
촺,chwat
촻,chwat
촼,chwak
촽,chwat
촾,chwap
촿,chwa
쵀,chwae
쵁,chwaek
쵂,chwaek
쵃,chwaek
쵄,chwaen
쵅,chwaen
쵇,chwaet
쵈,chwael
쵉,chwaek
쵊,chwaem
쵋,chwael
쵌,chwael
쵍,chwael
쵎,chwaep
쵐,chwaem
쵑,chwaep
쵒,chwaep
쵓,chwaet
쵔,chwaet
쵕,chwaeng
쵖,chwaet
쵗,chwaet
쵘,chwaek
쵙,chwaet
쵚,chwaep
쵛,chwae
최,choe
쵝,choek
쵞,choek
쵟,choek
쵠,choen
쵡,choen
쵣,choet
쵤,choel
쵥,choek
쵦,choem
쵧,choel
쵨,choel
쵩,choel
쵪,choep
쵬,choem
쵭,choep
쵮,choep
쵯,choet
쵰,choet
쵱,choeng
쵲,choet
쵳,choet
쵴,choek
쵵,choet
쵶,choep
쵷,choe
춰,chwo
춱,chwok
춲,chwok
춳,chwok
춴,chwon
춵,chwon
춷,chwot
춸,chwol
춹,chwok
춺,chwom
춻,chwol
춼,chwol
춽,chwol
춾,chwop
췀,chwom
췁,chwop
췂,chwop
췃,chwot
췄,chwot
췅,chwong
췆,chwot
췇,chwot
췈,chwok
췉,chwot
췊,chwop
췋,chwo
췌,chwe
췍,chwek
췎,chwek
췏,chwek
췐,chwen
췑,chwen
췓,chwet
췔,chwel
췕,chwek
췖,chwem
췗,chwel
췘,chwel
췙,chwel
췚,chwep
췜,chwem
췝,chwep
췞,chwep
췟,chwet
췠,chwet
췡,chweng
췢,chwet
췣,chwet
췤,chwek
췥,chwet
췦,chwep
췧,chwe
취,chwi
췩,chwik
췪,chwik
췫,chwik
췬,chwin
췭,chwin
췯,chwit
췰,chwil
췱,chwik
췲,chwim
췳,chwil
췴,chwil
췵,chwil
췶,chwip
췸,chwim
췹,chwip
췺,chwip
췻,chwit
췼,chwit
췽,chwing
췾,chwit
췿,chwit
츀,chwik
츁,chwit
츂,chwip
츃,chwi
츼,chui
츽,chuik
츾,chuik
츿,chuik
칀,chuin
칁,chuin
칃,chuit
칄,chuil
칅,chuik
칆,chuim
칇,chuil
칈,chuil
칉,chuil
칊,chuip
칌,chuim
칍,chuip
칎,chuip
칏,chuit
칐,chuit
칑,chuing
칒,chuit
칓,chuit
칔,chuik
칕,chuit
칖,chuip
칗,chui
카,ka
칵,kak
칶,kak
칷,kak
칸,kan
칹,kan
칻,kat
칼,kal
칽,kak
칾,kam
칿,kal
캀,kal
캁,kal
캂,kap
캄,kam
캅,kap
캆,kap
캇,kat
캈,kat
캉,kang
캊,kat
캋,kat
캌,kak
캍,kat
캎,kap
캏,ka
캬,kya
캭,kyak
캮,kyak
캯,kyak
캰,kyan
캱,kyan
캳,kyat
캴,kyal
캵,kyak
캶,kyam
캷,kyal
캸,kyal
캹,kyal
캺,kyap
캼,kyam
캽,kyap
캾,kyap
캿,kyat
컀,kyat
컁,kyang
컂,kyat
컃,kyat
컄,kyak
컅,kyat
컆,kyap
컇,kya
커,keo
컥,keok
컦,keok
컧,keok
컨,keon
컩,keon
컫,keot
컬,keol
컭,keok
컮,keom
컯,keol
컰,keol
컱,keol
컲,keop
컴,keom
컵,keop
컶,keop
컷,keot
컸,keot
컹,keong
컺,keot
컻,keot
컼,keok
컽,keot
컾,keop
컿,keo
켜,kyeo
켝,kyeok
켞,kyeok
켟,kyeok
켠,kyeon
켡,kyeon
켣,kyeot
켤,kyeol
켥,kyeok
켦,kyeom
켧,kyeol
켨,kyeol
켩,kyeol
켪,kyeop
켬,kyeom
켭,kyeop
켮,kyeop
켯,kyeot
켰,kyeot
켱,kyeong
켲,kyeot
켳,kyeot
켴,kyeok
켵,kyeot
켶,kyeop
켷,kyeo
코,ko
콕,kok
콖,kok
콗,kok
콘,kon
콙,kon
콛,kot
콜,kol
콝,kok
콞,kom
콟,kol
콠,kol
콡,kol
콢,kop
콤,kom
콥,kop
콦,kop
콧,kot
콨,kot
콩,kong
콪,kot
콫,kot
콬,kok
콭,kot
콮,kop
콯,ko
쿄,kyo
쿅,kyok
쿆,kyok
쿇,kyok
쿈,kyon
쿉,kyon
쿋,kyot
쿌,kyol
쿍,kyok
쿎,kyom
쿏,kyol
쿐,kyol
쿑,kyol
쿒,kyop
쿔,kyom
쿕,kyop
쿖,kyop
쿗,kyot
쿘,kyot
쿙,kyong
쿚,kyot
쿛,kyot
쿜,kyok
쿝,kyot
쿞,kyop
쿟,kyo
쿠,ku
쿡,kuk
쿢,kuk
쿣,kuk
쿤,kun
쿥,kun
쿧,kut
쿨,kul
쿩,kuk
쿪,kum
쿫,kul
쿬,kul
쿭,kul
쿮,kup
쿰,kum
쿱,kup
쿲,kup
쿳,kut
쿴,kut
쿵,kung
쿶,kut
쿷,kut
쿸,kuk
쿹,kut
쿺,kup
쿻,ku
큐,kyu
큑,kyuk
큒,kyuk
큓,kyuk
큔,kyun
큕,kyun
큗,kyut
큘,kyul
큙,kyuk
큚,kyum
큛,kyul
큜,kyul
큝,kyul
큞,kyup
큠,kyum
큡,kyup
큢,kyup
큣,kyut
큤,kyut
큥,kyung
큦,kyut
큧,kyut
큨,kyuk
큩,kyut
큪,kyup
큫,kyu
크,keu
큭,keuk
큮,keuk
큯,keuk
큰,keun
큱,keun
큳,keut
클,keul
큵,keuk
큶,keum
큷,keul
큸,keul
큹,keul
큺,keup
큼,keum
큽,keup
큾,keup
큿,keut
킀,keut
킁,keung
킂,keut
킃,keut
킄,keuk
킅,keut
킆,keup
킇,keu
키,ki
킥,kik
킦,kik
킧,kik
킨,kin
킩,kin
킫,kit
킬,kil
킭,kik
킮,kim
킯,kil
킰,kil
킱,kil
킲,kip
킴,kim
킵,kip
킶,kip
킷,kit
킸,kit
킹,king
킺,kit
킻,kit
킼,kik
킽,kit
킾,kip
킿,ki
캐,kae
캑,kaek
캒,kaek
캓,kaek
캔,kaen
캕,kaen
캗,kaet
캘,kael
캙,kaek
캚,kaem
캛,kael
캜,kael
캝,kael
캞,kaep
캠,kaem
캡,kaep
캢,kaep
캣,kaet
캤,kaet
캥,kaeng
캦,kaet
캧,kaet
캨,kaek
캩,kaet
캪,kaep
캫,kae
컈,kyae
컉,kyaek
컊,kyaek
컋,kyaek
컌,kyaen
컍,kyaen
컏,kyaet
컐,kyael
컑,kyaek
컒,kyaem
컓,kyael
컔,kyael
컕,kyael
컖,kyaep
컘,kyaem
컙,kyaep
컚,kyaep
컛,kyaet
컜,kyaet
컝,kyaeng
컞,kyaet
컟,kyaet
컠,kyaek
컡,kyaet
컢,kyaep
컣,kyae
케,ke
켁,kek
켂,kek
켃,kek
켄,ken
켅,ken
켇,ket
켈,kel
켉,kek
켊,kem
켋,kel
켌,kel
켍,kel
켎,kep
켐,kem
켑,kep
켒,kep
켓,ket
켔,ket
켕,keng
켖,ket
켗,ket
켘,kek
켙,ket
켚,kep
켛,ke
켸,kye
켹,kyek
켺,kyek
켻,kyek
켼,kyen
켽,kyen
켿,kyet
콀,kyel
콁,kyek
콂,kyem
콃,kyel
콄,kyel
콅,kyel
콆,kyep
콈,kyem
콉,kyep
콊,kyep
콋,kyet
콌,kyet
콍,kyeng
콎,kyet
콏,kyet
콐,kyek
콑,kyet
콒,kyep
콓,kye
콰,kwa
콱,kwak
콲,kwak
콳,kwak
콴,kwan
콵,kwan
콷,kwat
콸,kwal
콹,kwak
콺,kwam
콻,kwal
콼,kwal
콽,kwal
콾,kwap
쾀,kwam
쾁,kwap
쾂,kwap
쾃,kwat
쾄,kwat
쾅,kwang
쾆,kwat
쾇,kwat
쾈,kwak
쾉,kwat
쾊,kwap
쾋,kwa
쾌,kwae
쾍,kwaek
쾎,kwaek
쾏,kwaek
쾐,kwaen
쾑,kwaen
쾓,kwaet
쾔,kwael
쾕,kwaek
쾖,kwaem
쾗,kwael
쾘,kwael
쾙,kwael
쾚,kwaep
쾜,kwaem
쾝,kwaep
쾞,kwaep
쾟,kwaet
쾠,kwaet
쾡,kwaeng
쾢,kwaet
쾣,kwaet
쾤,kwaek
쾥,kwaet
쾦,kwaep
쾧,kwae
쾨,koe
쾩,koek
쾪,koek
쾫,koek
쾬,koen
쾭,koen
쾯,koet
쾰,koel
쾱,koek
쾲,koem
쾳,koel
쾴,koel
쾵,koel
쾶,koep
쾸,koem
쾹,koep
쾺,koep
쾻,koet
쾼,koet
쾽,koeng
쾾,koet
쾿,koet
쿀,koek
쿁,koet
쿂,koep
쿃,koe
쿼,kwo
쿽,kwok
쿾,kwok
쿿,kwok
퀀,kwon
퀁,kwon
퀃,kwot
퀄,kwol
퀅,kwok
퀆,kwom
퀇,kwol
퀈,kwol
퀉,kwol
퀊,kwop
퀌,kwom
퀍,kwop
퀎,kwop
퀏,kwot
퀐,kwot
퀑,kwong
퀒,kwot
퀓,kwot
퀔,kwok
퀕,kwot
퀖,kwop
퀗,kwo
퀘,kwe
퀙,kwek
퀚,kwek
퀛,kwek
퀜,kwen
퀝,kwen
퀟,kwet
퀠,kwel
퀡,kwek
퀢,kwem
퀣,kwel
퀤,kwel
퀥,kwel
퀦,kwep
퀨,kwem
퀩,kwep
퀪,kwep
퀫,kwet
퀬,kwet
퀭,kweng
퀮,kwet
퀯,kwet
퀰,kwek
퀱,kwet
퀲,kwep
퀳,kwe
퀴,kwi
퀵,kwik
퀶,kwik
퀷,kwik
퀸,kwin
퀹,kwin
퀻,kwit
퀼,kwil
퀽,kwik
퀾,kwim
퀿,kwil
큀,kwil
큁,kwil
큂,kwip
큄,kwim
큅,kwip
큆,kwip
큇,kwit
큈,kwit
큉,kwing
큊,kwit
큋,kwit
큌,kwik
큍,kwit
큎,kwip
큏,kwi
킈,kui
킉,kuik
킊,kuik
킋,kuik
킌,kuin
킍,kuin
킏,kuit
킐,kuil
킑,kuik
킒,kuim
킓,kuil
킔,kuil
킕,kuil
킖,kuip
킘,kuim
킙,kuip
킚,kuip
킛,kuit
킜,kuit
킝,kuing
킞,kuit
킟,kuit
킠,kuik
킡,kuit
킢,kuip
킣,kui
타,ta
탁,tak
탂,tak
탃,tak
탄,tan
탅,tan
탇,tat
탈,tal
탉,tak
탊,tam
탋,tal
탌,tal
탍,tal
탎,tap
탐,tam
탑,tap
탒,tap
탓,tat
탔,tat
탕,tang
탖,tat
탗,tat
탘,tak
탙,tat
탚,tap
탛,ta
탸,tya
탹,tyak
탺,tyak
탻,tyak
탼,tyan
탽,tyan
탿,tyat
턀,tyal
턁,tyak
턂,tyam
턃,tyal
턄,tyal
턅,tyal
턆,tyap
턈,tyam
턉,tyap
턊,tyap
턋,tyat
턌,tyat
턍,tyang
턎,tyat
턏,tyat
턐,tyak
턑,tyat
턒,tyap
턓,tya
터,teo
턱,teok
턲,teok
턳,teok
턴,teon
턵,teon
턷,teot
털,teol
턹,teok
턺,teom
턻,teol
턼,teol
턽,teol
턾,teop
텀,teom
텁,teop
텂,teop
텃,teot
텄,teot
텅,teong
텆,teot
텇,teot
텈,teok
텉,teot
텊,teop
텋,teo
텨,tyeo
텩,tyeok
텪,tyeok
텫,tyeok
텬,tyeon
텭,tyeon
텯,tyeot
텰,tyeol
텱,tyeok
텲,tyeom
텳,tyeol
텴,tyeol
텵,tyeol
텶,tyeop
텸,tyeom
텹,tyeop
텺,tyeop
텻,tyeot
텼,tyeot
텽,tyeong
텾,tyeot
텿,tyeot
톀,tyeok
톁,tyeot
톂,tyeop
톃,tyeo
토,to
톡,tok
톢,tok
톣,tok
톤,ton
톥,ton
톧,tot
톨,tol
톩,tok
톪,tom
톫,tol
톬,tol
톭,tol
톮,top
톰,tom
톱,top
톲,top
톳,tot
톴,tot
통,tong
톶,tot
톷,tot
톸,tok
톹,tot
톺,top
톻,to
툐,tyo
툑,tyok
툒,tyok
툓,tyok
툔,tyon
툕,tyon
툗,tyot
툘,tyol
툙,tyok
툚,tyom
툛,tyol
툜,tyol
툝,tyol
툞,tyop
툠,tyom
툡,tyop
툢,tyop
툣,tyot
툤,tyot
툥,tyong
툦,tyot
툧,tyot
툨,tyok
툩,tyot
툪,tyop
툫,tyo
투,tu
툭,tuk
툮,tuk
툯,tuk
툰,tun
툱,tun
툳,tut
툴,tul
툵,tuk
툶,tum
툷,tul
툸,tul
툹,tul
툺,tup
툼,tum
툽,tup
툾,tup
툿,tut
퉀,tut
퉁,tung
퉂,tut
퉃,tut
퉄,tuk
퉅,tut
퉆,tup
퉇,tu
튜,tyu
튝,tyuk
튞,tyuk
튟,tyuk
튠,tyun
튡,tyun
튣,tyut
튤,tyul
튥,tyuk
튦,tyum
튧,tyul
튨,tyul
튩,tyul
튪,tyup
튬,tyum
튭,tyup
튮,tyup
튯,tyut
튰,tyut
튱,tyung
튲,tyut
튳,tyut
튴,tyuk
튵,tyut
튶,tyup
튷,tyu
트,teu
특,teuk
튺,teuk
튻,teuk
튼,teun
튽,teun
튿,teut
틀,teul
틁,teuk
틂,teum
틃,teul
틄,teul
틅,teul
틆,teup
틈,teum
틉,teup
틊,teup
틋,teut
틌,teut
틍,teung
틎,teut
틏,teut
틐,teuk
틑,teut
틒,teup
틓,teu
티,ti
틱,tik
틲,tik
틳,tik
틴,tin
틵,tin
틷,tit
틸,til
틹,tik
틺,tim
틻,til
틼,til
틽,til
틾,tip
팀,tim
팁,tip
팂,tip
팃,tit
팄,tit
팅,ting
팆,tit
팇,tit
팈,tik
팉,tit
팊,tip
팋,ti
태,tae
택,taek
탞,taek
탟,taek
탠,taen
탡,taen
탣,taet
탤,tael
탥,taek
탦,taem
탧,tael
탨,tael
탩,tael
탪,taep
탬,taem
탭,taep
탮,taep
탯,taet
탰,taet
탱,taeng
탲,taet
탳,taet
탴,taek
탵,taet
탶,taep
탷,tae
턔,tyae
턕,tyaek
턖,tyaek
턗,tyaek
턘,tyaen
턙,tyaen
턛,tyaet
턜,tyael
턝,tyaek
턞,tyaem
턟,tyael
턠,tyael
턡,tyael
턢,tyaep
턤,tyaem
턥,tyaep
턦,tyaep
턧,tyaet
턨,tyaet
턩,tyaeng
턪,tyaet
턫,tyaet
턬,tyaek
턭,tyaet
턮,tyaep
턯,tyae
테,te
텍,tek
텎,tek
텏,tek
텐,ten
텑,ten
텓,tet
텔,tel
텕,tek
텖,tem
텗,tel
텘,tel
텙,tel
텚,tep
템,tem
텝,tep
텞,tep
텟,tet
텠,tet
텡,teng
텢,tet
텣,tet
텤,tek
텥,tet
텦,tep
텧,te
톄,tye
톅,tyek
톆,tyek
톇,tyek
톈,tyen
톉,tyen
톋,tyet
톌,tyel
톍,tyek
톎,tyem
톏,tyel
톐,tyel
톑,tyel
톒,tyep
톔,tyem
톕,tyep
톖,tyep
톗,tyet
톘,tyet
톙,tyeng
톚,tyet
톛,tyet
톜,tyek
톝,tyet
톞,tyep
톟,tye
톼,twa
톽,twak
톾,twak
톿,twak
퇀,twan
퇁,twan
퇃,twat
퇄,twal
퇅,twak
퇆,twam
퇇,twal
퇈,twal
퇉,twal
퇊,twap
퇌,twam
퇍,twap
퇎,twap
퇏,twat
퇐,twat
퇑,twang
퇒,twat
퇓,twat
퇔,twak
퇕,twat
퇖,twap
퇗,twa
퇘,twae
퇙,twaek
퇚,twaek
퇛,twaek
퇜,twaen
퇝,twaen
퇟,twaet
퇠,twael
퇡,twaek
퇢,twaem
퇣,twael
퇤,twael
퇥,twael
퇦,twaep
퇨,twaem
퇩,twaep
퇪,twaep
퇫,twaet
퇬,twaet
퇭,twaeng
퇮,twaet
퇯,twaet
퇰,twaek
퇱,twaet
퇲,twaep
퇳,twae
퇴,toe
퇵,toek
퇶,toek
퇷,toek
퇸,toen
퇹,toen
퇻,toet
퇼,toel
퇽,toek
퇾,toem
퇿,toel
툀,toel
툁,toel
툂,toep
툄,toem
툅,toep
툆,toep
툇,toet
툈,toet
툉,toeng
툊,toet
툋,toet
툌,toek
툍,toet
툎,toep
툏,toe
퉈,two
퉉,twok
퉊,twok
퉋,twok
퉌,twon
퉍,twon
퉏,twot
퉐,twol
퉑,twok
퉒,twom
퉓,twol
퉔,twol
퉕,twol
퉖,twop
퉘,twom
퉙,twop
퉚,twop
퉛,twot
퉜,twot
퉝,twong
퉞,twot
퉟,twot
퉠,twok
퉡,twot
퉢,twop
퉣,two
퉤,twe
퉥,twek
퉦,twek
퉧,twek
퉨,twen
퉩,twen
퉫,twet
퉬,twel
퉭,twek
퉮,twem
퉯,twel
퉰,twel
퉱,twel
퉲,twep
퉴,twem
퉵,twep
퉶,twep
퉷,twet
퉸,twet
퉹,tweng
퉺,twet
퉻,twet
퉼,twek
퉽,twet
퉾,twep
퉿,twe
튀,twi
튁,twik
튂,twik
튃,twik
튄,twin
튅,twin
튇,twit
튈,twil
튉,twik
튊,twim
튋,twil
튌,twil
튍,twil
튎,twip
튐,twim
튑,twip
튒,twip
튓,twit
튔,twit
튕,twing
튖,twit
튗,twit
튘,twik
튙,twit
튚,twip
튛,twi
틔,tui
틕,tuik
틖,tuik
틗,tuik
틘,tuin
틙,tuin
틛,tuit
틜,tuil
틝,tuik
틞,tuim
틟,tuil
틠,tuil
틡,tuil
틢,tuip
틤,tuim
틥,tuip
틦,tuip
틧,tuit
틨,tuit
틩,tuing
틪,tuit
틫,tuit
틬,tuik
틭,tuit
틮,tuip
틯,tui
파,pa
팍,pak
팎,pak
팏,pak
판,pan
팑,pan
팓,pat
팔,pal
팕,pak
팖,pam
팗,pal
팘,pal
팙,pal
팚,pap
팜,pam
팝,pap
팞,pap
팟,pat
팠,pat
팡,pang
팢,pat
팣,pat
팤,pak
팥,pat
팦,pap
팧,pa
퍄,pya
퍅,pyak
퍆,pyak
퍇,pyak
퍈,pyan
퍉,pyan
퍋,pyat
퍌,pyal
퍍,pyak
퍎,pyam
퍏,pyal
퍐,pyal
퍑,pyal
퍒,pyap
퍔,pyam
퍕,pyap
퍖,pyap
퍗,pyat
퍘,pyat
퍙,pyang
퍚,pyat
퍛,pyat
퍜,pyak
퍝,pyat
퍞,pyap
퍟,pya
퍼,peo
퍽,peok
퍾,peok
퍿,peok
펀,peon
펁,peon
펃,peot
펄,peol
펅,peok
펆,peom
펇,peol
펈,peol
펉,peol
펊,peop
펌,peom
펍,peop
펎,peop
펏,peot
펐,peot
펑,peong
펒,peot
펓,peot
펔,peok
펕,peot
펖,peop
펗,peo
펴,pyeo
펵,pyeok
펶,pyeok
펷,pyeok
편,pyeon
펹,pyeon
펻,pyeot
펼,pyeol
펽,pyeok
펾,pyeom
펿,pyeol
폀,pyeol
폁,pyeol
폂,pyeop
폄,pyeom
폅,pyeop
폆,pyeop
폇,pyeot
폈,pyeot
평,pyeong
폊,pyeot
폋,pyeot
폌,pyeok
폍,pyeot
폎,pyeop
폏,pyeo
포,po
폭,pok
폮,pok
폯,pok
폰,pon
폱,pon
폳,pot
폴,pol
폵,pok
폶,pom
폷,pol
폸,pol
폹,pol
폺,pop
폼,pom
폽,pop
폾,pop
폿,pot
퐀,pot
퐁,pong
퐂,pot
퐃,pot
퐄,pok
퐅,pot
퐆,pop
퐇,po
표,pyo
푝,pyok
푞,pyok
푟,pyok
푠,pyon
푡,pyon
푣,pyot
푤,pyol
푥,pyok
푦,pyom
푧,pyol
푨,pyol
푩,pyol
푪,pyop
푬,pyom
푭,pyop
푮,pyop
푯,pyot
푰,pyot
푱,pyong
푲,pyot
푳,pyot
푴,pyok
푵,pyot
푶,pyop
푷,pyo
푸,pu
푹,puk
푺,puk
푻,puk
푼,pun
푽,pun
푿,put
풀,pul
풁,puk
풂,pum
풃,pul
풄,pul
풅,pul
풆,pup
품,pum
풉,pup
풊,pup
풋,put
풌,put
풍,pung
풎,put
풏,put
풐,puk
풑,put
풒,pup
풓,pu
퓨,pyu
퓩,pyuk
퓪,pyuk
퓫,pyuk
퓬,pyun
퓭,pyun
퓯,pyut
퓰,pyul
퓱,pyuk
퓲,pyum
퓳,pyul
퓴,pyul
퓵,pyul
퓶,pyup
퓸,pyum
퓹,pyup
퓺,pyup
퓻,pyut
퓼,pyut
퓽,pyung
퓾,pyut
퓿,pyut
픀,pyuk
픁,pyut
픂,pyup
픃,pyu
프,peu
픅,peuk
픆,peuk
픇,peuk
픈,peun
픉,peun
픋,peut
플,peul
픍,peuk
픎,peum
픏,peul
픐,peul
픑,peul
픒,peup
픔,peum
픕,peup
픖,peup
픗,peut
픘,peut
픙,peung
픚,peut
픛,peut
픜,peuk
픝,peut
픞,peup
픟,peu
피,pi
픽,pik
픾,pik
픿,pik
핀,pin
핁,pin
핃,pit
필,pil
핅,pik
핆,pim
핇,pil
핈,pil
핉,pil
핊,pip
핌,pim
핍,pip
핎,pip
핏,pit
핐,pit
핑,ping
핒,pit
핓,pit
핔,pik
핕,pit
핖,pip
핗,pi
패,pae
팩,paek
팪,paek
팫,paek
팬,paen
팭,paen
팯,paet
팰,pael
팱,paek
팲,paem
팳,pael
팴,pael
팵,pael
팶,paep
팸,paem
팹,paep
팺,paep
팻,paet
팼,paet
팽,paeng
팾,paet
팿,paet
퍀,paek
퍁,paet
퍂,paep
퍃,pae
퍠,pyae
퍡,pyaek
퍢,pyaek
퍣,pyaek
퍤,pyaen
퍥,pyaen
퍧,pyaet
퍨,pyael
퍩,pyaek
퍪,pyaem
퍫,pyael
퍬,pyael
퍭,pyael
퍮,pyaep
퍰,pyaem
퍱,pyaep
퍲,pyaep
퍳,pyaet
퍴,pyaet
퍵,pyaeng
퍶,pyaet
퍷,pyaet
퍸,pyaek
퍹,pyaet
퍺,pyaep
퍻,pyae
페,pe
펙,pek
펚,pek
펛,pek
펜,pen
펝,pen
펟,pet
펠,pel
펡,pek
펢,pem
펣,pel
펤,pel
펥,pel
펦,pep
펨,pem
펩,pep
펪,pep
펫,pet
펬,pet
펭,peng
펮,pet
펯,pet
펰,pek
펱,pet
펲,pep
펳,pe
폐,pye
폑,pyek
폒,pyek
폓,pyek
폔,pyen
폕,pyen
폗,pyet
폘,pyel
폙,pyek
폚,pyem
폛,pyel
폜,pyel
폝,pyel
폞,pyep
폠,pyem
폡,pyep
폢,pyep
폣,pyet
폤,pyet
폥,pyeng
폦,pyet
폧,pyet
폨,pyek
폩,pyet
폪,pyep
폫,pye
퐈,pwa
퐉,pwak
퐊,pwak
퐋,pwak
퐌,pwan
퐍,pwan
퐏,pwat
퐐,pwal
퐑,pwak
퐒,pwam
퐓,pwal
퐔,pwal
퐕,pwal
퐖,pwap
퐘,pwam
퐙,pwap
퐚,pwap
퐛,pwat
퐜,pwat
퐝,pwang
퐞,pwat
퐟,pwat
퐠,pwak
퐡,pwat
퐢,pwap
퐣,pwa
퐤,pwae
퐥,pwaek
퐦,pwaek
퐧,pwaek
퐨,pwaen
퐩,pwaen
퐫,pwaet
퐬,pwael
퐭,pwaek
퐮,pwaem
퐯,pwael
퐰,pwael
퐱,pwael
퐲,pwaep
퐴,pwaem
퐵,pwaep
퐶,pwaep
퐷,pwaet
퐸,pwaet
퐹,pwaeng
퐺,pwaet
퐻,pwaet
퐼,pwaek
퐽,pwaet
퐾,pwaep
퐿,pwae
푀,poe
푁,poek
푂,poek
푃,poek
푄,poen
푅,poen
푇,poet
푈,poel
푉,poek
푊,poem
푋,poel
푌,poel
푍,poel
푎,poep
푐,poem
푑,poep
푒,poep
푓,poet
푔,poet
푕,poeng
푖,poet
푗,poet
푘,poek
푙,poet
푚,poep
푛,poe
풔,pwo
풕,pwok
풖,pwok
풗,pwok
풘,pwon
풙,pwon
풛,pwot
풜,pwol
풝,pwok
풞,pwom
풟,pwol
풠,pwol
풡,pwol
풢,pwop
풤,pwom
풥,pwop
풦,pwop
풧,pwot
풨,pwot
풩,pwong
풪,pwot
풫,pwot
풬,pwok
풭,pwot
풮,pwop
풯,pwo
풰,pwe
풱,pwek
풲,pwek
풳,pwek
풴,pwen
풵,pwen
풷,pwet
풸,pwel
풹,pwek
풺,pwem
풻,pwel
풼,pwel
풽,pwel
풾,pwep
퓀,pwem
퓁,pwep
퓂,pwep
퓃,pwet
퓄,pwet
퓅,pweng
퓆,pwet
퓇,pwet
퓈,pwek
퓉,pwet
퓊,pwep
퓋,pwe
퓌,pwi
퓍,pwik
퓎,pwik
퓏,pwik
퓐,pwin
퓑,pwin
퓓,pwit
퓔,pwil
퓕,pwik
퓖,pwim
퓗,pwil
퓘,pwil
퓙,pwil
퓚,pwip
퓜,pwim
퓝,pwip
퓞,pwip
퓟,pwit
퓠,pwit
퓡,pwing
퓢,pwit
퓣,pwit
퓤,pwik
퓥,pwit
퓦,pwip
퓧,pwi
픠,pui
픡,puik
픢,puik
픣,puik
픤,puin
픥,puin
픧,puit
픨,puil
픩,puik
픪,puim
픫,puil
픬,puil
픭,puil
픮,puip
픰,puim
픱,puip
픲,puip
픳,puit
픴,puit
픵,puing
픶,puit
픷,puit
픸,puik
픹,puit
픺,puip
픻,pui
하,ha
학,hak
핚,hak
핛,hak
한,han
핝,han
핟,hat
할,hal
핡,hak
핢,ham
핣,hal
핤,hal
핥,hal
핦,hap
함,ham
합,hap
핪,hap
핫,hat
핬,hat
항,hang
핮,hat
핯,hat
핰,hak
핱,hat
핲,hap
핳,ha
햐,hya
햑,hyak
햒,hyak
햓,hyak
햔,hyan
햕,hyan
햗,hyat
햘,hyal
햙,hyak
햚,hyam
햛,hyal
햜,hyal
햝,hyal
햞,hyap
햠,hyam
햡,hyap
햢,hyap
햣,hyat
햤,hyat
향,hyang
햦,hyat
햧,hyat
햨,hyak
햩,hyat
햪,hyap
햫,hya
허,heo
헉,heok
헊,heok
헋,heok
헌,heon
헍,heon
헏,heot
헐,heol
헑,heok
헒,heom
헓,heol
헔,heol
헕,heol
헖,heop
험,heom
헙,heop
헚,heop
헛,heot
헜,heot
헝,heong
헞,heot
헟,heot
헠,heok
헡,heot
헢,heop
헣,heo
혀,hyeo
혁,hyeok
혂,hyeok
혃,hyeok
현,hyeon
혅,hyeon
혇,hyeot
혈,hyeol
혉,hyeok
혊,hyeom
혋,hyeol
혌,hyeol
혍,hyeol
혎,hyeop
혐,hyeom
협,hyeop
혒,hyeop
혓,hyeot
혔,hyeot
형,hyeong
혖,hyeot
혗,hyeot
혘,hyeok
혙,hyeot
혚,hyeop
혛,hyeo
호,ho
혹,hok
혺,hok
혻,hok
혼,hon
혽,hon
혿,hot
홀,hol
홁,hok
홂,hom
홃,hol
홄,hol
홅,hol
홆,hop
홈,hom
홉,hop
홊,hop
홋,hot
홌,hot
홍,hong
홎,hot
홏,hot
홐,hok
홑,hot
홒,hop
홓,ho
효,hyo
횩,hyok
횪,hyok
횫,hyok
횬,hyon
횭,hyon
횯,hyot
횰,hyol
횱,hyok
횲,hyom
횳,hyol
횴,hyol
횵,hyol
횶,hyop
횸,hyom
횹,hyop
횺,hyop
횻,hyot
횼,hyot
횽,hyong
횾,hyot
횿,hyot
훀,hyok
훁,hyot
훂,hyop
훃,hyo
후,hu
훅,huk
훆,huk
훇,huk
훈,hun
훉,hun
훋,hut
훌,hul
훍,huk
훎,hum
훏,hul
훐,hul
훑,hul
훒,hup
훔,hum
훕,hup
훖,hup
훗,hut
훘,hut
훙,hung
훚,hut
훛,hut
훜,huk
훝,hut
훞,hup
훟,hu
휴,hyu
휵,hyuk
휶,hyuk
휷,hyuk
휸,hyun
휹,hyun
휻,hyut
휼,hyul
휽,hyuk
휾,hyum
휿,hyul
흀,hyul
흁,hyul
흂,hyup
흄,hyum
흅,hyup
흆,hyup
흇,hyut
흈,hyut
흉,hyung
흊,hyut
흋,hyut
흌,hyuk
흍,hyut
흎,hyup
흏,hyu
흐,heu
흑,heuk
흒,heuk
흓,heuk
흔,heun
흕,heun
흗,heut
흘,heul
흙,heuk
흚,heum
흛,heul
흜,heul
흝,heul
흞,heup
흠,heum
흡,heup
흢,heup
흣,heut
흤,heut
흥,heung
흦,heut
흧,heut
흨,heuk
흩,heut
흪,heup
흫,heu
히,hi
힉,hik
힊,hik
힋,hik
힌,hin
힍,hin
힏,hit
힐,hil
힑,hik
힒,him
힓,hil
힔,hil
힕,hil
힖,hip
힘,him
힙,hip
힚,hip
힛,hit
힜,hit
힝,hing
힞,hit
힟,hit
힠,hik
힡,hit
힢,hip
힣,hi
해,hae
핵,haek
핶,haek
핷,haek
핸,haen
핹,haen
핻,haet
핼,hael
핽,haek
핾,haem
핿,hael
햀,hael
햁,hael
햂,haep
햄,haem
햅,haep
햆,haep
햇,haet
했,haet
행,haeng
햊,haet
햋,haet
햌,haek
햍,haet
햎,haep
햏,hae
햬,hyae
햭,hyaek
햮,hyaek
햯,hyaek
햰,hyaen
햱,hyaen
햳,hyaet
햴,hyael
햵,hyaek
햶,hyaem
햷,hyael
햸,hyael
햹,hyael
햺,hyaep
햼,hyaem
햽,hyaep
햾,hyaep
햿,hyaet
헀,hyaet
헁,hyaeng
헂,hyaet
헃,hyaet
헄,hyaek
헅,hyaet
헆,hyaep
헇,hyae
헤,he
헥,hek
헦,hek
헧,hek
헨,hen
헩,hen
헫,het
헬,hel
헭,hek
헮,hem
헯,hel
헰,hel
헱,hel
헲,hep
헴,hem
헵,hep
헶,hep
헷,het
헸,het
헹,heng
헺,het
헻,het
헼,hek
헽,het
헾,hep
헿,he
혜,hye
혝,hyek
혞,hyek
혟,hyek
혠,hyen
혡,hyen
혣,hyet
혤,hyel
혥,hyek
혦,hyem
혧,hyel
혨,hyel
혩,hyel
혪,hyep
혬,hyem
혭,hyep
혮,hyep
혯,hyet
혰,hyet
혱,hyeng
혲,hyet
혳,hyet
혴,hyek
혵,hyet
혶,hyep
혷,hye
화,hwa
확,hwak
홖,hwak
홗,hwak
환,hwan
홙,hwan
홛,hwat
활,hwal
홝,hwak
홞,hwam
홟,hwal
홠,hwal
홡,hwal
홢,hwap
홤,hwam
홥,hwap
홦,hwap
홧,hwat
홨,hwat
황,hwang
홪,hwat
홫,hwat
홬,hwak
홭,hwat
홮,hwap
홯,hwa
홰,hwae
홱,hwaek
홲,hwaek
홳,hwaek
홴,hwaen
홵,hwaen
홷,hwaet
홸,hwael
홹,hwaek
홺,hwaem
홻,hwael
홼,hwael
홽,hwael
홾,hwaep
횀,hwaem
횁,hwaep
횂,hwaep
횃,hwaet
횄,hwaet
횅,hwaeng
횆,hwaet
횇,hwaet
횈,hwaek
횉,hwaet
횊,hwaep
횋,hwae
회,hoe
획,hoek
횎,hoek
횏,hoek
횐,hoen
횑,hoen
횓,hoet
횔,hoel
횕,hoek
횖,hoem
횗,hoel
횘,hoel
횙,hoel
횚,hoep
횜,hoem
횝,hoep
횞,hoep
횟,hoet
횠,hoet
횡,hoeng
횢,hoet
횣,hoet
횤,hoek
횥,hoet
횦,hoep
횧,hoe
훠,hwo
훡,hwok
훢,hwok
훣,hwok
훤,hwon
훥,hwon
훧,hwot
훨,hwol
훩,hwok
훪,hwom
훫,hwol
훬,hwol
훭,hwol
훮,hwop
훰,hwom
훱,hwop
훲,hwop
훳,hwot
훴,hwot
훵,hwong
훶,hwot
훷,hwot
훸,hwok
훹,hwot
훺,hwop
훻,hwo
훼,hwe
훽,hwek
훾,hwek
훿,hwek
휀,hwen
휁,hwen
휃,hwet
휄,hwel
휅,hwek
휆,hwem
휇,hwel
휈,hwel
휉,hwel
휊,hwep
휌,hwem
휍,hwep
휎,hwep
휏,hwet
휐,hwet
휑,hweng
휒,hwet
휓,hwet
휔,hwek
휕,hwet
휖,hwep
휗,hwe
휘,hwi
휙,hwik
휚,hwik
휛,hwik
휜,hwin
휝,hwin
휟,hwit
휠,hwil
휡,hwik
휢,hwim
휣,hwil
휤,hwil
휥,hwil
휦,hwip
휨,hwim
휩,hwip
휪,hwip
휫,hwit
휬,hwit
휭,hwing
휮,hwit
휯,hwit
휰,hwik
휱,hwit
휲,hwip
휳,hwi
희,hui
흭,huik
흮,huik
흯,huik
흰,huin
흱,huin
흳,huit
흴,huil
흵,huik
흶,huim
흷,huil
흸,huil
흹,huil
흺,huip
흼,huim
흽,huip
흾,huip
흿,huit
힀,huit
힁,huing
힂,huit
힃,huit
힄,huik
힅,huit
힆,huip
힇,hui
가,ga
갸,gya
거,geo
겨,gyeo
고,go
교,gyo
구,gu
규,gyu
그,geu
기,gi
개,gae
걔,gyae
게,ge
계,gye
과,gwa
괘,gwae
괴,goe
궈,gwo
궤,gwe
귀,gwi
긔,gui
나,na
냐,nya
너,neo
녀,nyeo
노,no
뇨,nyo
누,nu
뉴,nyu
느,neu
니,ni
내,nae
냬,nyae
네,ne
녜,nye
놔,nwa
놰,nwae
뇌,noe
눠,nwo
눼,nwe
뉘,nwi
늬,nui
다,da
댜,dya
더,deo
뎌,dyeo
도,do
됴,dyo
두,du
듀,dyu
드,deu
디,di
대,dae
댸,dyae
데,de
뎨,dye
돠,dwa
돼,dwae
되,doe
둬,dwo
뒈,dwe
뒤,dwi
듸,dui
라,ra
랴,rya
러,reo
려,ryeo
로,ro
료,ryo
루,ru
류,ryu
르,reu
리,ri
래,rae
럐,ryae
레,re
례,rye
롸,rwa
뢔,rwae
뢰,roe
뤄,rwo
뤠,rwe
뤼,rwi
릐,rui
마,ma
먀,mya
머,meo
며,myeo
모,mo
묘,myo
무,mu
뮤,myu
므,meu
미,mi
매,mae
먜,myae
메,me
몌,mye
뫄,mwa
뫠,mwae
뫼,moe
뭐,mwo
뭬,mwe
뮈,mwi
믜,mui
바,ba
뱌,bya
버,beo
벼,byeo
보,bo
뵤,byo
부,bu
뷰,byu
브,beu
비,bi
배,bae
뱨,byae
베,be
볘,bye
봐,bwa
봬,bwae
뵈,boe
붜,bwo
붸,bwe
뷔,bwi
븨,bui
사,sa
샤,sya
서,seo
셔,syeo
소,so
쇼,syo
수,su
슈,syu
스,seu
시,si
새,sae
섀,syae
세,se
셰,sye
솨,swa
쇄,swae
쇠,soe
숴,swo
쉐,swe
쉬,swi
싀,sui
아,a
야,ya
어,eo
여,yeo
오,o
요,yo
우,u
유,yu
으,eu
이,i
애,ae
얘,yae
에,e
예,ye
와,wa
왜,wae
외,oe
워,wo
웨,we
위,wi
의,ui
자,ja
쟈,jya
저,jeo
져,jyeo
조,jo
죠,jyo
주,ju
쥬,jyu
즈,jeu
지,ji
재,jae
쟤,jyae
제,je
졔,jye
좌,jwa
좨,jwae
죄,joe
줘,jwo
줴,jwe
쥐,jwi
즤,jui
차,cha
챠,chya
처,cheo
쳐,chyeo
초,cho
쵸,chyo
추,chu
츄,chyu
츠,cheu
치,chi
채,chae
챼,chyae
체,che
쳬,chye
촤,chwa
쵀,chwae
최,choe
춰,chwo
췌,chwe
취,chwi
츼,chui
카,ka
캬,kya
커,keo
켜,kyeo
코,ko
쿄,kyo
쿠,ku
큐,kyu
크,keu
키,ki
캐,kae
컈,kyae
케,ke
켸,kye
콰,kwa
쾌,kwae
쾨,koe
쿼,kwo
퀘,kwe
퀴,kwi
킈,kui
타,ta
탸,tya
터,teo
텨,tyeo
토,to
툐,tyo
투,tu
튜,tyu
트,teu
티,ti
태,tae
턔,tyae
테,te
톄,tye
톼,twa
퇘,twae
퇴,toe
퉈,two
퉤,twe
튀,twi
틔,tui
파,pa
퍄,pya
퍼,peo
펴,pyeo
포,po
표,pyo
푸,pu
퓨,pyu
프,peu
피,pi
패,pae
퍠,pyae
페,pe
폐,pye
퐈,pwa
퐤,pwae
푀,poe
풔,pwo
풰,pwe
퓌,pwi
픠,pui
하,ha
햐,hya
허,heo
혀,hyeo
호,ho
효,hyo
후,hu
휴,hyu
흐,heu
히,hi
해,hae
햬,hyae
헤,he
혜,hye
화,hwa
홰,hwae
회,hoe
훠,hwo
훼,hwe
휘,hwi
희,hui