Syllable,Romanized
가,ga
갸,gya
거,geo
겨,gyeo
고,go
교,gyo
구,gu
규,gyu
그,geu
기,gi
개,gae
걔,gyae
게,ge
계,gye
과,gwa
괘,gwae
괴,goe
궈,gwo
궤,gwe
귀,gwi
긔,gui
나,na
냐,nya
너,neo
녀,nyeo
노,no
뇨,nyo
누,nu
뉴,nyu
느,neu
니,ni
내,nae
냬,nyae
네,ne
녜,nye
놔,nwa
놰,nwae
뇌,noe
눠,nwo
눼,nwe
뉘,nwi
늬,nui
다,da
댜,dya
더,deo
뎌,dyeo
도,do
됴,dyo
두,du
듀,dyu
드,deu
디,di
대,dae
댸,dyae
데,de
뎨,dye
돠,dwa
돼,dwae
되,doe
둬,dwo
뒈,dwe
뒤,dwi
듸,dui
라,ra
랴,rya
러,reo
려,ryeo
로,ro
료,ryo
루,ru
류,ryu
르,reu
리,ri
래,rae
럐,ryae
레,re
례,rye
롸,rwa
뢔,rwae
뢰,roe
뤄,rwo
뤠,rwe
뤼,rwi
릐,rui
마,ma
먀,mya
머,meo
며,myeo
모,mo
묘,myo
무,mu
뮤,myu
므,meu
미,mi
매,mae
먜,myae
메,me
몌,mye
뫄,mwa
뫠,mwae
뫼,moe
뭐,mwo
뭬,mwe
뮈,mwi
믜,mui
바,ba
뱌,bya
버,beo
벼,byeo
보,bo
뵤,byo
부,bu
뷰,byu
브,beu
비,bi
배,bae
뱨,byae
베,be
볘,bye
봐,bwa
봬,bwae
뵈,boe
붜,bwo
붸,bwe
뷔,bwi
븨,bui
사,sa
샤,sya
서,seo
셔,syeo
소,so
쇼,syo
수,su
슈,syu
스,seu
시,si
새,sae
섀,syae
세,se
셰,sye
솨,swa
쇄,swae
쇠,soe
숴,swo
쉐,swe
쉬,swi
싀,sui
아,a
야,ya
어,eo
여,yeo
오,o
요,yo
우,u
유,yu
으,eu
이,i
애,ae
얘,yae
에,e
예,ye
와,wa
왜,wae
외,oe
워,wo
웨,we
위,wi
의,ui
자,ja
쟈,jya
저,jeo
져,jyeo
조,jo
죠,jyo
주,ju
쥬,jyu
즈,jeu
지,ji
재,jae
쟤,jyae
제,je
졔,jye
좌,jwa
좨,jwae
죄,joe
줘,jwo
줴,jwe
쥐,jwi
즤,jui
차,cha
챠,chya
처,cheo
쳐,chyeo
초,cho
쵸,chyo
추,chu
츄,chyu
츠,cheu
치,chi
채,chae
챼,chyae
체,che
쳬,chye
촤,chwa
쵀,chwae
최,choe
춰,chwo
췌,chwe
취,chwi
츼,chui
카,ka
캬,kya
커,keo
켜,kyeo
코,ko
쿄,kyo
쿠,ku
큐,kyu
크,keu
키,ki
캐,kae
컈,kyae
케,ke
켸,kye
콰,kwa
쾌,kwae
쾨,koe
쿼,kwo
퀘,kwe
퀴,kwi
킈,kui
타,ta
탸,tya
터,teo
텨,tyeo
토,to
툐,tyo
투,tu
튜,tyu
트,teu
티,ti
태,tae
턔,tyae
테,te
톄,tye
톼,twa
퇘,twae
퇴,toe
퉈,two
퉤,twe
튀,twi
틔,tui
파,pa
퍄,pya
퍼,peo
펴,pyeo
포,po
표,pyo
푸,pu
퓨,pyu
프,peu
피,pi
패,pae
퍠,pyae
페,pe
폐,pye
퐈,pwa
퐤,pwae
푀,poe
풔,pwo
풰,pwe
퓌,pwi
픠,pui
하,ha
햐,hya
허,heo
혀,hyeo
호,ho
효,hyo
후,hu
휴,hyu
흐,heu
히,hi
해,hae
햬,hyae
헤,he
혜,hye
화,hwa
홰,hwae
회,hoe
훠,hwo
훼,hwe
휘,hwi
희,hui
각,gak
간,gan
갇,gat
갈,gal
감,gam
갑,gap
갓,gat
강,gang
갖,gat
갗,gat
갘,gak
같,gat
갚,gap
갛,ga
갹,gyak
갼,gyan
갿,gyat
걀,gyal
걈,gyam
걉,gyap
걋,gyat
걍,gyang
걎,gyat
걏,gyat
걐,gyak
걑,gyat
걒,gyap
걓,gya
걱,geok
건,geon
걷,geot
걸,geol
검,geom
겁,geop
것,geot
겅,geong
겆,geot
겇,geot
겈,geok
겉,geot
겊,geop
겋,geo
격,gyeok
견,gyeon
겯,gyeot
결,gyeol
겸,gyeom
겹,gyeop
겻,gyeot
경,gyeong
겾,gyeot
겿,gyeot
곀,gyeok
곁,gyeot
곂,gyeop
곃,gyeo
곡,gok
곤,gon
곧,got
골,gol
곰,gom
곱,gop
곳,got
공,gong
곶,got
곷,got
곸,gok
곹,got
곺,gop
곻,go
굑,gyok
굔,gyon
굗,gyot
굘,gyol
굠,gyom
굡,gyop
굣,gyot
굥,gyong
굦,gyot
굧,gyot
굨,gyok
굩,gyot
굪,gyop
굫,gyo
국,guk
군,gun
굳,gut
굴,gul
굼,gum
굽,gup
굿,gut
궁,gung
궂,gut
궃,gut
궄,guk
궅,gut
궆,gup
궇,gu
귝,gyuk
균,gyun
귣,gyut
귤,gyul
귬,gyum
귭,gyup
귯,gyut
귱,gyung
귲,gyut
귳,gyut
귴,gyuk
귵,gyut
귶,gyup
귷,gyu
극,geuk
근,geun
귿,geut
글,geul
금,geum
급,geup
긋,geut
긍,geung
긎,geut
긏,geut
긐,geuk
긑,geut
긒,geup
긓,geu
긱,gik
긴,gin
긷,git
길,gil
김,gim
깁,gip
깃,git
깅,ging
깆,git
깇,git
깈,gik
깉,git
깊,gip
깋,gi
객,gaek
갠,gaen
갣,gaet
갤,gael
갬,gaem
갭,gaep
갯,gaet
갱,gaeng
갲,gaet
갳,gaet
갴,gaek
갵,gaet
갶,gaep
갷,gae
걕,gyaek
걘,gyaen
걛,gyaet
걜,gyael
걤,gyaem
걥,gyaep
걧,gyaet
걩,gyaeng
걪,gyaet
걫,gyaet
걬,gyaek
걭,gyaet
걮,gyaep
걯,gyae
겍,gek
겐,gen
겓,get
겔,gel
겜,gem
겝,gep
겟,get
겡,geng
겢,get
겣,get
겤,gek
겥,get
겦,gep
겧,ge
곅,gyek
곈,gyen
곋,gyet
곌,gyel
곔,gyem
곕,gyep
곗,gyet
곙,gyeng
곚,gyet
곛,gyet
곜,gyek
곝,gyet
곞,gyep
곟,gye
곽,gwak
관,gwan
괃,gwat
괄,gwal
괌,gwam
괍,gwap
괏,gwat
광,gwang
괒,gwat
괓,gwat
괔,gwak
괕,gwat
괖,gwap
괗,gwa
괙,gwaek
괜,gwaen
괟,gwaet
괠,gwael
괨,gwaem
괩,gwaep
괫,gwaet
괭,gwaeng
괮,gwaet
괯,gwaet
괰,gwaek
괱,gwaet
괲,gwaep
괳,gwae
괵,goek
괸,goen
괻,goet
괼,goel
굄,goem
굅,goep
굇,goet
굉,goeng
굊,goet
굋,goet
굌,goek
굍,goet
굎,goep
굏,goe
궉,gwok
권,gwon
궏,gwot
궐,gwol
궘,gwom
궙,gwop
궛,gwot
궝,gwong
궞,gwot
궟,gwot
궠,gwok
궡,gwot
궢,gwop
궣,gwo
궥,gwek
궨,gwen
궫,gwet
궬,gwel
궴,gwem
궵,gwep
궷,gwet
궹,gweng
궺,gwet
궻,gwet
궼,gwek
궽,gwet
궾,gwep
궿,gwe
귁,gwik
귄,gwin
귇,gwit
귈,gwil
귐,gwim
귑,gwip
귓,gwit
귕,gwing
귖,gwit
귗,gwit
귘,gwik
귙,gwit
귚,gwip
귛,gwi
긕,guik
긘,guin
긛,guit
긜,guil
긤,guim
긥,guip
긧,guit
긩,guing
긪,guit
긫,guit
긬,guik
긭,guit
긮,guip
긯,gui
낙,nak
난,nan
낟,nat
날,nal
남,nam
납,nap
낫,nat
낭,nang
낮,nat
낯,nat
낰,nak
낱,nat
낲,nap
낳,na
냑,nyak
냔,nyan
냗,nyat
냘,nyal
냠,nyam
냡,nyap
냣,nyat
냥,nyang
냦,nyat
냧,nyat
냨,nyak
냩,nyat
냪,nyap
냫,nya
넉,neok
넌,neon
넏,neot
널,neol
넘,neom
넙,neop
넛,neot
넝,neong
넞,neot
넟,neot
넠,neok
넡,neot
넢,neop
넣,neo
녁,nyeok
년,nyeon
녇,nyeot
녈,nyeol
념,nyeom
녑,nyeop
녓,nyeot
녕,nyeong
녖,nyeot
녗,nyeot
녘,nyeok
녙,nyeot
녚,nyeop
녛,nyeo
녹,nok
논,non
녿,not
놀,nol
놈,nom
놉,nop
놋,not
농,nong
놎,not
놏,not
놐,nok
놑,not
높,nop
놓,no
뇩,nyok
뇬,nyon
뇯,nyot
뇰,nyol
뇸,nyom
뇹,nyop
뇻,nyot
뇽,nyong
뇾,nyot
뇿,nyot
눀,nyok
눁,nyot
눂,nyop
눃,nyo
눅,nuk
눈,nun
눋,nut
눌,nul
눔,num
눕,nup
눗,nut
눙,nung
눚,nut
눛,nut
눜,nuk
눝,nut
눞,nup
눟,nu
뉵,nyuk
뉸,nyun
뉻,nyut
뉼,nyul
늄,nyum
늅,nyup
늇,nyut
늉,nyung
늊,nyut
늋,nyut
늌,nyuk
늍,nyut
늎,nyup
늏,nyu
늑,neuk
는,neun
늗,neut
늘,neul
늠,neum
늡,neup
늣,neut
능,neung
늦,neut
늧,neut
늨,neuk
늩,neut
늪,neup
늫,neu
닉,nik
닌,nin
닏,nit
닐,nil
님,nim
닙,nip
닛,nit
닝,ning
닞,nit
닟,nit
닠,nik
닡,nit
닢,nip
닣,ni
낵,naek
낸,naen
낻,naet
낼,nael
냄,naem
냅,naep
냇,naet
냉,naeng
냊,naet
냋,naet
냌,naek
냍,naet
냎,naep
냏,nae
냭,nyaek
냰,nyaen
냳,nyaet
냴,nyael
냼,nyaem
냽,nyaep
냿,nyaet
넁,nyaeng
넂,nyaet
넃,nyaet
넄,nyaek
넅,nyaet
넆,nyaep
넇,nyae
넥,nek
넨,nen
넫,net
넬,nel
넴,nem
넵,nep
넷,net
넹,neng
넺,net
넻,net
넼,nek
넽,net
넾,nep
넿,ne
녝,nyek
녠,nyen
녣,nyet
녤,nyel
녬,nyem
녭,nyep
녯,nyet
녱,nyeng
녲,nyet
녳,nyet
녴,nyek
녵,nyet
녶,nyep
녷,nye
놕,nwak
놘,nwan
놛,nwat
놜,nwal
놤,nwam
놥,nwap
놧,nwat
놩,nwang
놪,nwat
놫,nwat
놬,nwak
놭,nwat
놮,nwap
놯,nwa
놱,nwaek
놴,nwaen
놷,nwaet
놸,nwael
뇀,nwaem
뇁,nwaep
뇃,nwaet
뇅,nwaeng
뇆,nwaet
뇇,nwaet
뇈,nwaek
뇉,nwaet
뇊,nwaep
뇋,nwae
뇍,noek
뇐,noen
뇓,noet
뇔,noel
뇜,noem
뇝,noep
뇟,noet
뇡,noeng
뇢,noet
뇣,noet
뇤,noek
뇥,noet
뇦,noep
뇧,noe
눡,nwok
눤,nwon
눧,nwot
눨,nwol
눰,nwom
눱,nwop
눳,nwot
눵,nwong
눶,nwot
눷,nwot
눸,nwok
눹,nwot
눺,nwop
눻,nwo
눽,nwek
뉀,nwen
뉃,nwet
뉄,nwel
뉌,nwem
뉍,nwep
뉏,nwet
뉑,nweng
뉒,nwet
뉓,nwet
뉔,nwek
뉕,nwet
뉖,nwep
뉗,nwe
뉙,nwik
뉜,nwin
뉟,nwit
뉠,nwil
뉨,nwim
뉩,nwip
뉫,nwit
뉭,nwing
뉮,nwit
뉯,nwit
뉰,nwik
뉱,nwit
뉲,nwip
뉳,nwi
늭,nuik
늰,nuin
늳,nuit
늴,nuil
늼,nuim
늽,nuip
늿,nuit
닁,nuing
닂,nuit
닃,nuit
닄,nuik
닅,nuit
닆,nuip
닇,nui
닥,dak
단,dan
닫,dat
달,dal
담,dam
답,dap
닷,dat
당,dang
닺,dat
닻,dat
닼,dak
닽,dat
닾,dap
닿,da
댝,dyak
댠,dyan
댣,dyat
댤,dyal
댬,dyam
댭,dyap
댯,dyat
댱,dyang
댲,dyat
댳,dyat
댴,dyak
댵,dyat
댶,dyap
댷,dya
덕,deok
던,deon
덛,deot
덜,deol
덤,deom
덥,deop
덧,deot
덩,deong
덪,deot
덫,deot
덬,deok
덭,deot
덮,deop
덯,deo
뎍,dyeok
뎐,dyeon
뎓,dyeot
뎔,dyeol
뎜,dyeom
뎝,dyeop
뎟,dyeot
뎡,dyeong
뎢,dyeot
뎣,dyeot
뎤,dyeok
뎥,dyeot
뎦,dyeop
뎧,dyeo
독,dok
돈,don
돋,dot
돌,dol
돔,dom
돕,dop
돗,dot
동,dong
돚,dot
돛,dot
돜,dok
돝,dot
돞,dop
돟,do
됵,dyok
됸,dyon
됻,dyot
됼,dyol
둄,dyom
둅,dyop
둇,dyot
둉,dyong
둊,dyot
둋,dyot
둌,dyok
둍,dyot
둎,dyop
둏,dyo
둑,duk
둔,dun
둗,dut
둘,dul
둠,dum
둡,dup
둣,dut
둥,dung
둦,dut
둧,dut
둨,duk
둩,dut
둪,dup
둫,du
듁,dyuk
듄,dyun
듇,dyut
듈,dyul
듐,dyum
듑,dyup
듓,dyut
듕,dyung
듖,dyut
듗,dyut
듘,dyuk
듙,dyut
듚,dyup
듛,dyu
득,deuk
든,deun
듣,deut
들,deul
듬,deum
듭,deup
듯,deut
등,deung
듲,deut
듳,deut
듴,deuk
듵,deut
듶,deup
듷,deu
딕,dik
딘,din
딛,dit
딜,dil
딤,dim
딥,dip
딧,dit
딩,ding
딪,dit
딫,dit
딬,dik
딭,dit
딮,dip
딯,di
댁,daek
댄,daen
댇,daet
댈,dael
댐,daem
댑,daep
댓,daet
댕,daeng
댖,daet
댗,daet
댘,daek
댙,daet
댚,daep
댛,dae
댹,dyaek
댼,dyaen
댿,dyaet
덀,dyael
덈,dyaem
덉,dyaep
덋,dyaet
덍,dyaeng
덎,dyaet
덏,dyaet
덐,dyaek
덑,dyaet
덒,dyaep
덓,dyae
덱,dek
덴,den
덷,det
델,del
뎀,dem
뎁,dep
뎃,det
뎅,deng
뎆,det
뎇,det
뎈,dek
뎉,det
뎊,dep
뎋,de
뎩,dyek
뎬,dyen
뎯,dyet
뎰,dyel
뎸,dyem
뎹,dyep
뎻,dyet
뎽,dyeng
뎾,dyet
뎿,dyet
돀,dyek
돁,dyet
돂,dyep
돃,dye
돡,dwak
돤,dwan
돧,dwat
돨,dwal
돰,dwam
돱,dwap
돳,dwat
돵,dwang
돶,dwat
돷,dwat
돸,dwak
돹,dwat
돺,dwap
돻,dwa
돽,dwaek
됀,dwaen
됃,dwaet
됄,dwael
됌,dwaem
됍,dwaep
됏,dwaet
됑,dwaeng
됒,dwaet
됓,dwaet
됔,dwaek
됕,dwaet
됖,dwaep
됗,dwae
됙,doek
된,doen
됟,doet
될,doel
됨,doem
됩,doep
됫,doet
됭,doeng
됮,doet
됯,doet
됰,doek
됱,doet
됲,doep
됳,doe
둭,dwok
둰,dwon
둳,dwot
둴,dwol
둼,dwom
둽,dwop
둿,dwot
뒁,dwong
뒂,dwot
뒃,dwot
뒄,dwok
뒅,dwot
뒆,dwop
뒇,dwo
뒉,dwek
뒌,dwen
뒏,dwet
뒐,dwel
뒘,dwem
뒙,dwep
뒛,dwet
뒝,dweng
뒞,dwet
뒟,dwet
뒠,dwek
뒡,dwet
뒢,dwep
뒣,dwe
뒥,dwik
뒨,dwin
뒫,dwit
뒬,dwil
뒴,dwim
뒵,dwip
뒷,dwit
뒹,dwing
뒺,dwit
뒻,dwit
뒼,dwik
뒽,dwit
뒾,dwip
뒿,dwi
듹,duik
듼,duin
듿,duit
딀,duil
딈,duim
딉,duip
딋,duit
딍,duing
딎,duit
딏,duit
딐,duik
딑,duit
딒,duip
딓,dui
락,rak
란,ran
랃,rat
랄,ral
람,ram
랍,rap
랏,rat
랑,rang
랒,rat
랓,rat
랔,rak
랕,rat
랖,rap
랗,ra
략,ryak
랸,ryan
랻,ryat
랼,ryal
럄,ryam
럅,ryap
럇,ryat
량,ryang
럊,ryat
럋,ryat
럌,ryak
럍,ryat
럎,ryap
럏,rya
럭,reok
런,reon
럳,reot
럴,reol
럼,reom
럽,reop
럿,reot
렁,reong
렂,reot
렃,reot
렄,reok
렅,reot
렆,reop
렇,reo
력,ryeok
련,ryeon
렫,ryeot
렬,ryeol
렴,ryeom
렵,ryeop
렷,ryeot
령,ryeong
렺,ryeot
렻,ryeot
렼,ryeok
렽,ryeot
렾,ryeop
렿,ryeo
록,rok
론,ron
롣,rot
롤,rol
롬,rom
롭,rop
롯,rot
롱,rong
롲,rot
롳,rot
롴,rok
롵,rot
롶,rop
롷,ro
룍,ryok
룐,ryon
룓,ryot
룔,ryol
룜,ryom
룝,ryop
룟,ryot
룡,ryong
룢,ryot
룣,ryot
룤,ryok
룥,ryot
룦,ryop
룧,ryo
룩,ruk
룬,run
룯,rut
룰,rul
룸,rum
룹,rup
룻,rut
룽,rung
룾,rut
룿,rut
뤀,ruk
뤁,rut
뤂,rup
뤃,ru
륙,ryuk
륜,ryun
륟,ryut
률,ryul
륨,ryum
륩,ryup
륫,ryut
륭,ryung
륮,ryut
륯,ryut
륰,ryuk
륱,ryut
륲,ryup
륳,ryu
륵,reuk
른,reun
륻,reut
를,reul
름,reum
릅,reup
릇,reut
릉,reung
릊,reut
릋,reut
릌,reuk
릍,reut
릎,reup
릏,reu
릭,rik
린,rin
릳,rit
릴,ril
림,rim
립,rip
릿,rit
링,ring
맂,rit
맃,rit
맄,rik
맅,rit
맆,rip
맇,ri
랙,raek
랜,raen
랟,raet
랠,rael
램,raem
랩,raep
랫,raet
랭,raeng
랮,raet
랯,raet
랰,raek
랱,raet
랲,raep
랳,rae
럑,ryaek
럔,ryaen
럗,ryaet
럘,ryael
럠,ryaem
럡,ryaep
럣,ryaet
럥,ryaeng
럦,ryaet
럧,ryaet
럨,ryaek
럩,ryaet
럪,ryaep
럫,ryae
렉,rek
렌,ren
렏,ret
렐,rel
렘,rem
렙,rep
렛,ret
렝,reng
렞,ret
렟,ret
렠,rek
렡,ret
렢,rep
렣,re
롁,ryek
롄,ryen
롇,ryet
롈,ryel
롐,ryem
롑,ryep
롓,ryet
롕,ryeng
롖,ryet
롗,ryet
롘,ryek
롙,ryet
롚,ryep
롛,rye
롹,rwak
롼,rwan
롿,rwat
뢀,rwal
뢈,rwam
뢉,rwap
뢋,rwat
뢍,rwang
뢎,rwat
뢏,rwat
뢐,rwak
뢑,rwat
뢒,rwap
뢓,rwa
뢕,rwaek
뢘,rwaen
뢛,rwaet
뢜,rwael
뢤,rwaem
뢥,rwaep
뢧,rwaet
뢩,rwaeng
뢪,rwaet
뢫,rwaet
뢬,rwaek
뢭,rwaet
뢮,rwaep
뢯,rwae
뢱,roek
뢴,roen
뢷,roet
뢸,roel
룀,roem
룁,roep
룃,roet
룅,roeng
룆,roet
룇,roet
룈,roek
룉,roet
룊,roep
룋,roe
뤅,rwok
뤈,rwon
뤋,rwot
뤌,rwol
뤔,rwom
뤕,rwop
뤗,rwot
뤙,rwong
뤚,rwot
뤛,rwot
뤜,rwok
뤝,rwot
뤞,rwop
뤟,rwo
뤡,rwek
뤤,rwen
뤧,rwet
뤨,rwel
뤰,rwem
뤱,rwep
뤳,rwet
뤵,rweng
뤶,rwet
뤷,rwet
뤸,rwek
뤹,rwet
뤺,rwep
뤻,rwe
뤽,rwik
륀,rwin
륃,rwit
륄,rwil
륌,rwim
륍,rwip
륏,rwit
륑,rwing
륒,rwit
륓,rwit
륔,rwik
륕,rwit
륖,rwip
륗,rwi
릑,ruik
릔,ruin
릗,ruit
릘,ruil
릠,ruim
릡,ruip
릣,ruit
릥,ruing
릦,ruit
릧,ruit
릨,ruik
릩,ruit
릪,ruip
릫,rui
막,mak
만,man
맏,mat
말,mal
맘,mam
맙,map
맛,mat
망,mang
맞,mat
맟,mat
맠,mak
맡,mat
맢,map
맣,ma
먁,myak
먄,myan
먇,myat
먈,myal
먐,myam
먑,myap
먓,myat
먕,myang
먖,myat
먗,myat
먘,myak
먙,myat
먚,myap
먛,mya
먹,meok
먼,meon
먿,meot
멀,meol
멈,meom
멉,meop
멋,meot
멍,meong
멎,meot
멏,meot
멐,meok
멑,meot
멒,meop
멓,meo
멱,myeok
면,myeon
멷,myeot
멸,myeol
몀,myeom
몁,myeop
몃,myeot
명,myeong
몆,myeot
몇,myeot
몈,myeok
몉,myeot
몊,myeop
몋,myeo
목,mok
몬,mon
몯,mot
몰,mol
몸,mom
몹,mop
못,mot
몽,mong
몾,mot
몿,mot
뫀,mok
뫁,mot
뫂,mop
뫃,mo
묙,myok
묜,myon
묟,myot
묠,myol
묨,myom
묩,myop
묫,myot
묭,myong
묮,myot
묯,myot
묰,myok
묱,myot
묲,myop
묳,myo
묵,muk
문,mun
묻,mut
물,mul
뭄,mum
뭅,mup
뭇,mut
뭉,mung
뭊,mut
뭋,mut
뭌,muk
뭍,mut
뭎,mup
뭏,mu
뮥,myuk
뮨,myun
뮫,myut
뮬,myul
뮴,myum
뮵,myup
뮷,myut
뮹,myung
뮺,myut
뮻,myut
뮼,myuk
뮽,myut
뮾,myup
뮿,myu
믁,meuk
믄,meun
믇,meut
믈,meul
믐,meum
믑,meup
믓,meut
믕,meung
믖,meut
믗,meut
믘,meuk
믙,meut
믚,meup
믛,meu
믹,mik
민,min
믿,mit
밀,mil
밈,mim
밉,mip
밋,mit
밍,ming
밎,mit
및,mit
밐,mik
밑,mit
밒,mip
밓,mi
맥,maek
맨,maen
맫,maet
맬,mael
맴,maem
맵,maep
맷,maet
맹,maeng
맺,maet
맻,maet
맼,maek
맽,maet
맾,maep
맿,mae
먝,myaek
먠,myaen
먣,myaet
먤,myael
먬,myaem
먭,myaep
먯,myaet
먱,myaeng
먲,myaet
먳,myaet
먴,myaek
먵,myaet
먶,myaep
먷,myae
멕,mek
멘,men
멛,met
멜,mel
멤,mem
멥,mep
멧,met
멩,meng
멪,met
멫,met
멬,mek
멭,met
멮,mep
멯,me
몍,myek
몐,myen
몓,myet
몔,myel
몜,myem
몝,myep
몟,myet
몡,myeng
몢,myet
몣,myet
몤,myek
몥,myet
몦,myep
몧,mye
뫅,mwak
뫈,mwan
뫋,mwat
뫌,mwal
뫔,mwam
뫕,mwap
뫗,mwat
뫙,mwang
뫚,mwat
뫛,mwat
뫜,mwak
뫝,mwat
뫞,mwap
뫟,mwa
뫡,mwaek
뫤,mwaen
뫧,mwaet
뫨,mwael
뫰,mwaem
뫱,mwaep
뫳,mwaet
뫵,mwaeng
뫶,mwaet
뫷,mwaet
뫸,mwaek
뫹,mwaet
뫺,mwaep
뫻,mwae
뫽,moek
묀,moen
묃,moet
묄,moel
묌,moem
묍,moep
묏,moet
묑,moeng
묒,moet
묓,moet
묔,moek
묕,moet
묖,moep
묗,moe
뭑,mwok
뭔,mwon
뭗,mwot
뭘,mwol
뭠,mwom
뭡,mwop
뭣,mwot
뭥,mwong
뭦,mwot
뭧,mwot
뭨,mwok
뭩,mwot
뭪,mwop
뭫,mwo
뭭,mwek
뭰,mwen
뭳,mwet
뭴,mwel
뭼,mwem
뭽,mwep
뭿,mwet
뮁,mweng
뮂,mwet
뮃,mwet
뮄,mwek
뮅,mwet
뮆,mwep
뮇,mwe
뮉,mwik
뮌,mwin
뮏,mwit
뮐,mwil
뮘,mwim
뮙,mwip
뮛,mwit
뮝,mwing
뮞,mwit
뮟,mwit
뮠,mwik
뮡,mwit
뮢,mwip
뮣,mwi
믝,muik
믠,muin
믣,muit
믤,muil
믬,muim
믭,muip
믯,muit
믱,muing
믲,muit
믳,muit
믴,muik
믵,muit
믶,muip
믷,mui
박,bak
반,ban
받,bat
발,bal
밤,bam
밥,bap
밧,bat
방,bang
밪,bat
밫,bat
밬,bak
밭,bat
밮,bap
밯,ba
뱍,byak
뱐,byan
뱓,byat
뱔,byal
뱜,byam
뱝,byap
뱟,byat
뱡,byang
뱢,byat
뱣,byat
뱤,byak
뱥,byat
뱦,byap
뱧,bya
벅,beok
번,beon
벋,beot
벌,beol
범,beom
법,beop
벗,beot
벙,beong
벚,beot
벛,beot
벜,beok
벝,beot
벞,beop
벟,beo
벽,byeok
변,byeon
볃,byeot
별,byeol
볌,byeom
볍,byeop
볏,byeot
병,byeong
볒,byeot
볓,byeot
볔,byeok
볕,byeot
볖,byeop
볗,byeo
복,bok
본,bon
볻,bot
볼,bol
봄,bom
봅,bop
봇,bot
봉,bong
봊,bot
봋,bot
봌,bok
봍,bot
봎,bop
봏,bo
뵥,byok
뵨,byon
뵫,byot
뵬,byol
뵴,byom
뵵,byop
뵷,byot
뵹,byong
뵺,byot
뵻,byot
뵼,byok
뵽,byot
뵾,byop
뵿,byo
북,buk
분,bun
붇,but
불,bul
붐,bum
붑,bup
붓,but
붕,bung
붖,but
붗,but
붘,buk
붙,but
붚,bup
붛,bu
뷱,byuk
뷴,byun
뷷,byut
뷸,byul
븀,byum
븁,byup
븃,byut
븅,byung
븆,byut
븇,byut
븈,byuk
븉,byut
븊,byup
븋,byu
븍,beuk
븐,beun
븓,beut
블,beul
븜,beum
븝,beup
븟,beut
븡,beung
븢,beut
븣,beut
븤,beuk
븥,beut
븦,beup
븧,beu
빅,bik
빈,bin
빋,bit
빌,bil
빔,bim
빕,bip
빗,bit
빙,bing
빚,bit
빛,bit
빜,bik
빝,bit
빞,bip
빟,bi
백,baek
밴,baen
밷,baet
밸,bael
뱀,baem
뱁,baep
뱃,baet
뱅,baeng
뱆,baet
뱇,baet
뱈,baek
뱉,baet
뱊,baep
뱋,bae
뱩,byaek
뱬,byaen
뱯,byaet
뱰,byael
뱸,byaem
뱹,byaep
뱻,byaet
뱽,byaeng
뱾,byaet
뱿,byaet
벀,byaek
벁,byaet
벂,byaep
벃,byae
벡,bek
벤,ben
벧,bet
벨,bel
벰,bem
벱,bep
벳,bet
벵,beng
벶,bet
벷,bet
벸,bek
벹,bet
벺,bep
벻,be
볙,byek
볜,byen
볟,byet
볠,byel
볨,byem
볩,byep
볫,byet
볭,byeng
볮,byet
볯,byet
볰,byek
볱,byet
볲,byep
볳,bye
봑,bwak
봔,bwan
봗,bwat
봘,bwal
봠,bwam
봡,bwap
봣,bwat
봥,bwang
봦,bwat
봧,bwat
봨,bwak
봩,bwat
봪,bwap
봫,bwa
봭,bwaek
봰,bwaen
봳,bwaet
봴,bwael
봼,bwaem
봽,bwaep
봿,bwaet
뵁,bwaeng
뵂,bwaet
뵃,bwaet
뵄,bwaek
뵅,bwaet
뵆,bwaep
뵇,bwae
뵉,boek
뵌,boen
뵏,boet
뵐,boel
뵘,boem
뵙,boep
뵛,boet
뵝,boeng
뵞,boet
뵟,boet
뵠,boek
뵡,boet
뵢,boep
뵣,boe
붝,bwok
붠,bwon
붣,bwot
붤,bwol
붬,bwom
붭,bwop
붯,bwot
붱,bwong
붲,bwot
붳,bwot
붴,bwok
붵,bwot
붶,bwop
붷,bwo
붹,bwek
붼,bwen
붿,bwet
뷀,bwel
뷈,bwem
뷉,bwep
뷋,bwet
뷍,bweng
뷎,bwet
뷏,bwet
뷐,bwek
뷑,bwet
뷒,bwep
뷓,bwe
뷕,bwik
뷘,bwin
뷛,bwit
뷜,bwil
뷤,bwim
뷥,bwip
뷧,bwit
뷩,bwing
뷪,bwit
뷫,bwit
뷬,bwik
뷭,bwit
뷮,bwip
뷯,bwi
븩,buik
븬,buin
븯,buit
븰,buil
븸,buim
븹,buip
븻,buit
븽,buing
븾,buit
븿,buit
빀,buik
빁,buit
빂,buip
빃,bui
삭,sak
산,san
삳,sat
살,sal
삼,sam
삽,sap
삿,sat
상,sang
샂,sat
샃,sat
샄,sak
샅,sat
샆,sap
샇,sa
샥,syak
샨,syan
샫,syat
샬,syal
샴,syam
샵,syap
샷,syat
샹,syang
샺,syat
샻,syat
샼,syak
샽,syat
샾,syap
샿,sya
석,seok
선,seon
섣,seot
설,seol
섬,seom
섭,seop
섯,seot
성,seong
섲,seot
섳,seot
섴,seok
섵,seot
섶,seop
섷,seo
셕,syeok
션,syeon
셛,syeot
셜,syeol
셤,syeom
셥,syeop
셧,syeot
셩,syeong
셪,syeot
셫,syeot
셬,syeok
셭,syeot
셮,syeop
셯,syeo
속,sok
손,son
솓,sot
솔,sol
솜,som
솝,sop
솟,sot
송,song
솢,sot
솣,sot
솤,sok
솥,sot
솦,sop
솧,so
쇽,syok
숀,syon
숃,syot
숄,syol
숌,syom
숍,syop
숏,syot
숑,syong
숒,syot
숓,syot
숔,syok
숕,syot
숖,syop
숗,syo
숙,suk
순,sun
숟,sut
술,sul
숨,sum
숩,sup
숫,sut
숭,sung
숮,sut
숯,sut
숰,suk
숱,sut
숲,sup
숳,su
슉,syuk
슌,syun
슏,syut
슐,syul
슘,syum
슙,syup
슛,syut
슝,syung
슞,syut
슟,syut
슠,syuk
슡,syut
슢,syup
슣,syu
슥,seuk
슨,seun
슫,seut
슬,seul
슴,seum
습,seup
슷,seut
승,seung
슺,seut
슻,seut
슼,seuk
슽,seut
슾,seup
슿,seu
식,sik
신,sin
싣,sit
실,sil
심,sim
십,sip
싯,sit
싱,sing
싲,sit
싳,sit
싴,sik
싵,sit
싶,sip
싷,si
색,saek
샌,saen
샏,saet
샐,sael
샘,saem
샙,saep
샛,saet
생,saeng
샞,saet
샟,saet
샠,saek
샡,saet
샢,saep
샣,sae
섁,syaek
섄,syaen
섇,syaet
섈,syael
섐,syaem
섑,syaep
섓,syaet
섕,syaeng
섖,syaet
섗,syaet
섘,syaek
섙,syaet
섚,syaep
섛,syae
섹,sek
센,sen
섿,set
셀,sel
셈,sem
셉,sep
셋,set
셍,seng
셎,set
셏,set
셐,sek
셑,set
셒,sep
셓,se
셱,syek
셴,syen
셷,syet
셸,syel
솀,syem
솁,syep
솃,syet
솅,syeng
솆,syet
솇,syet
솈,syek
솉,syet
솊,syep
솋,sye
솩,swak
솬,swan
솯,swat
솰,swal
솸,swam
솹,swap
솻,swat
솽,swang
솾,swat
솿,swat
쇀,swak
쇁,swat
쇂,swap
쇃,swa
쇅,swaek
쇈,swaen
쇋,swaet
쇌,swael
쇔,swaem
쇕,swaep
쇗,swaet
쇙,swaeng
쇚,swaet
쇛,swaet
쇜,swaek
쇝,swaet
쇞,swaep
쇟,swae
쇡,soek
쇤,soen
쇧,soet
쇨,soel
쇰,soem
쇱,soep
쇳,soet
쇵,soeng
쇶,soet
쇷,soet
쇸,soek
쇹,soet
쇺,soep
쇻,soe
숵,swok
숸,swon
숻,swot
숼,swol
쉄,swom
쉅,swop
쉇,swot
쉉,swong
쉊,swot
쉋,swot
쉌,swok
쉍,swot
쉎,swop
쉏,swo
쉑,swek
쉔,swen
쉗,swet
쉘,swel
쉠,swem
쉡,swep
쉣,swet
쉥,sweng
쉦,swet
쉧,swet
쉨,swek
쉩,swet
쉪,swep
쉫,swe
쉭,swik
쉰,swin
쉳,swit
쉴,swil
쉼,swim
쉽,swip
쉿,swit
슁,swing
슂,swit
슃,swit
슄,swik
슅,swit
슆,swip
슇,swi
싁,suik
싄,suin
싇,suit
싈,suil
싐,suim
싑,suip
싓,suit
싕,suing
싖,suit
싗,suit
싘,suik
싙,suit
싚,suip
싛,sui
악,ak
안,an
앋,at
알,al
암,am
압,ap
앗,at
앙,ang
앚,at
앛,at
앜,ak
앝,at
앞,ap
앟,a
약,yak
얀,yan
얃,yat
얄,yal
얌,yam
얍,yap
얏,yat
양,yang
얒,yat
얓,yat
얔,yak
얕,yat
얖,yap
얗,ya
억,eok
언,eon
얻,eot
얼,eol
엄,eom
업,eop
엇,eot
엉,eong
엊,eot
엋,eot
엌,eok
엍,eot
엎,eop
엏,eo
역,yeok
연,yeon
엳,yeot
열,yeol
염,yeom
엽,yeop
엿,yeot
영,yeong
옂,yeot
옃,yeot
옄,yeok
옅,yeot
옆,yeop
옇,yeo
옥,ok
온,on
옫,ot
올,ol
옴,om
옵,op
옷,ot
옹,ong
옺,ot
옻,ot
옼,ok
옽,ot
옾,op
옿,o
욕,yok
욘,yon
욛,yot
욜,yol
욤,yom
욥,yop
욧,yot
용,yong
욪,yot
욫,yot
욬,yok
욭,yot
욮,yop
욯,yo
욱,uk
운,un
욷,ut
울,ul
움,um
웁,up
웃,ut
웅,ung
웆,ut
웇,ut
웈,uk
웉,ut
웊,up
웋,u
육,yuk
윤,yun
윧,yut
율,yul
윰,yum
윱,yup
윳,yut
융,yung
윶,yut
윷,yut
윸,yuk
윹,yut
윺,yup
윻,yu
윽,euk
은,eun
읃,eut
을,eul
음,eum
읍,eup
읏,eut
응,eung
읒,eut
읓,eut
읔,euk
읕,eut
읖,eup
읗,eu
익,ik
인,in
읻,it
일,il
임,im
입,ip
잇,it
잉,ing
잊,it
잋,it
잌,ik
잍,it
잎,ip
잏,i
액,aek
앤,aen
앧,aet
앨,ael
앰,aem
앱,aep
앳,aet
앵,aeng
앶,aet
앷,aet
앸,aek
앹,aet
앺,aep
앻,ae
얙,yaek
얜,yaen
얟,yaet
얠,yael
얨,yaem
얩,yaep
얫,yaet
얭,yaeng
얮,yaet
얯,yaet
얰,yaek
얱,yaet
얲,yaep
얳,yae
엑,ek
엔,en
엗,et
엘,el
엠,em
엡,ep
엣,et
엥,eng
엦,et
엧,et
엨,ek
엩,et
엪,ep
엫,e
옉,yek
옌,yen
옏,yet
옐,yel
옘,yem
옙,yep
옛,yet
옝,yeng
옞,yet
옟,yet
옠,yek
옡,yet
옢,yep
옣,ye
왁,wak
완,wan
왇,wat
왈,wal
왐,wam
왑,wap
왓,wat
왕,wang
왖,wat
왗,wat
왘,wak
왙,wat
왚,wap
왛,wa
왝,waek
왠,waen
왣,waet
왤,wael
왬,waem
왭,waep
왯,waet
왱,waeng
왲,waet
왳,waet
왴,waek
왵,waet
왶,waep
왷,wae
왹,oek
왼,oen
왿,oet
욀,oel
욈,oem
욉,oep
욋,oet
욍,oeng
욎,oet
욏,oet
욐,oek
욑,oet
욒,oep
욓,oe
웍,wok
원,won
웓,wot
월,wol
웜,wom
웝,wop
웟,wot
웡,wong
웢,wot
웣,wot
웤,wok
웥,wot
웦,wop
웧,wo
웩,wek
웬,wen
웯,wet
웰,wel
웸,wem
웹,wep
웻,wet
웽,weng
웾,wet
웿,wet
윀,wek
윁,wet
윂,wep
윃,we
윅,wik
윈,win
윋,wit
윌,wil
윔,wim
윕,wip
윗,wit
윙,wing
윚,wit
윛,wit
윜,wik
윝,wit
윞,wip
윟,wi
읙,uik
읜,uin
읟,uit
읠,uil
읨,uim
읩,uip
읫,uit
읭,uing
읮,uit
읯,uit
읰,uik
읱,uit
읲,uip
읳,ui
작,jak
잔,jan
잗,jat
잘,jal
잠,jam
잡,jap
잣,jat
장,jang
잦,jat
잧,jat
잨,jak
잩,jat
잪,jap
잫,ja
쟉,jyak
쟌,jyan
쟏,jyat
쟐,jyal
쟘,jyam
쟙,jyap
쟛,jyat
쟝,jyang
쟞,jyat
쟟,jyat
쟠,jyak
쟡,jyat
쟢,jyap
쟣,jya
적,jeok
전,jeon
젇,jeot
절,jeol
점,jeom
접,jeop
젓,jeot
정,jeong
젖,jeot
젗,jeot
젘,jeok
젙,jeot
젚,jeop
젛,jeo
젹,jyeok
젼,jyeon
젿,jyeot
졀,jyeol
졈,jyeom
졉,jyeop
졋,jyeot
졍,jyeong
졎,jyeot
졏,jyeot
졐,jyeok
졑,jyeot
졒,jyeop
졓,jyeo
족,jok
존,jon
졷,jot
졸,jol
좀,jom
좁,jop
좃,jot
종,jong
좆,jot
좇,jot
좈,jok
좉,jot
좊,jop
좋,jo
죡,jyok
죤,jyon
죧,jyot
죨,jyol
죰,jyom
죱,jyop
죳,jyot
죵,jyong
죶,jyot
죷,jyot
죸,jyok
죹,jyot
죺,jyop
죻,jyo
죽,juk
준,jun
줃,jut
줄,jul
줌,jum
줍,jup
줏,jut
중,jung
줒,jut
줓,jut
줔,juk
줕,jut
줖,jup
줗,ju
쥭,jyuk
쥰,jyun
쥳,jyut
쥴,jyul
쥼,jyum
쥽,jyup
쥿,jyut
즁,jyung
즂,jyut
즃,jyut
즄,jyuk
즅,jyut
즆,jyup
즇,jyu
즉,jeuk
즌,jeun
즏,jeut
즐,jeul
즘,jeum
즙,jeup
즛,jeut
증,jeung
즞,jeut
즟,jeut
즠,jeuk
즡,jeut
즢,jeup
즣,jeu
직,jik
진,jin
짇,jit
질,jil
짐,jim
집,jip
짓,jit
징,jing
짖,jit
짗,jit
짘,jik
짙,jit
짚,jip
짛,ji
잭,jaek
잰,jaen
잳,jaet
잴,jael
잼,jaem
잽,jaep
잿,jaet
쟁,jaeng
쟂,jaet
쟃,jaet
쟄,jaek
쟅,jaet
쟆,jaep
쟇,jae
쟥,jyaek
쟨,jyaen
쟫,jyaet
쟬,jyael
쟴,jyaem
쟵,jyaep
쟷,jyaet
쟹,jyaeng
쟺,jyaet
쟻,jyaet
쟼,jyaek
쟽,jyaet
쟾,jyaep
쟿,jyae
젝,jek
젠,jen
젣,jet
젤,jel
젬,jem
젭,jep
젯,jet
젱,jeng
젲,jet
젳,jet
젴,jek
젵,jet
젶,jep
젷,je
졕,jyek
졘,jyen
졛,jyet
졜,jyel
졤,jyem
졥,jyep
졧,jyet
졩,jyeng
졪,jyet
졫,jyet
졬,jyek
졭,jyet
졮,jyep
졯,jye
좍,jwak
좐,jwan
좓,jwat
좔,jwal
좜,jwam
좝,jwap
좟,jwat
좡,jwang
좢,jwat
좣,jwat
좤,jwak
좥,jwat
좦,jwap
좧,jwa
좩,jwaek
좬,jwaen
좯,jwaet
좰,jwael
좸,jwaem
좹,jwaep
좻,jwaet
좽,jwaeng
좾,jwaet
좿,jwaet
죀,jwaek
죁,jwaet
죂,jwaep
죃,jwae
죅,joek
죈,joen
죋,joet
죌,joel
죔,joem
죕,joep
죗,joet
죙,joeng
죚,joet
죛,joet
죜,joek
죝,joet
죞,joep
죟,joe
줙,jwok
줜,jwon
줟,jwot
줠,jwol
줨,jwom
줩,jwop
줫,jwot
줭,jwong
줮,jwot
줯,jwot
줰,jwok
줱,jwot
줲,jwop
줳,jwo
줵,jwek
줸,jwen
줻,jwet
줼,jwel
쥄,jwem
쥅,jwep
쥇,jwet
쥉,jweng
쥊,jwet
쥋,jwet
쥌,jwek
쥍,jwet
쥎,jwep
쥏,jwe
쥑,jwik
쥔,jwin
쥗,jwit
쥘,jwil
쥠,jwim
쥡,jwip
쥣,jwit
쥥,jwing
쥦,jwit
쥧,jwit
쥨,jwik
쥩,jwit
쥪,jwip
쥫,jwi
즥,juik
즨,juin
즫,juit
즬,juil
즴,juim
즵,juip
즷,juit
즹,juing
즺,juit
즻,juit
즼,juik
즽,juit
즾,juip
즿,jui
착,chak
찬,chan
찯,chat
찰,chal
참,cham
찹,chap
찻,chat
창,chang
찾,chat
찿,chat
챀,chak
챁,chat
챂,chap
챃,cha
챡,chyak
챤,chyan
챧,chyat
챨,chyal
챰,chyam
챱,chyap
챳,chyat
챵,chyang
챶,chyat
챷,chyat
챸,chyak
챹,chyat
챺,chyap
챻,chya
척,cheok
천,cheon
첟,cheot
철,cheol
첨,cheom
첩,cheop
첫,cheot
청,cheong
첮,cheot
첯,cheot
첰,cheok
첱,cheot
첲,cheop
첳,cheo
쳑,chyeok
쳔,chyeon
쳗,chyeot
쳘,chyeol
쳠,chyeom
쳡,chyeop
쳣,chyeot
쳥,chyeong
쳦,chyeot
쳧,chyeot
쳨,chyeok
쳩,chyeot
쳪,chyeop
쳫,chyeo
촉,chok
촌,chon
촏,chot
촐,chol
촘,chom
촙,chop
촛,chot
총,chong
촞,chot
촟,chot
촠,chok
촡,chot
촢,chop
촣,cho
쵹,chyok
쵼,chyon
쵿,chyot
춀,chyol
춈,chyom
춉,chyop
춋,chyot
춍,chyong
춎,chyot
춏,chyot
춐,chyok
춑,chyot
춒,chyop
춓,chyo
축,chuk
춘,chun
춛,chut
출,chul
춤,chum
춥,chup
춧,chut
충,chung
춪,chut
춫,chut
춬,chuk
춭,chut
춮,chup
춯,chu
츅,chyuk
츈,chyun
츋,chyut
츌,chyul
츔,chyum
츕,chyup
츗,chyut
츙,chyung
츚,chyut
츛,chyut
츜,chyuk
츝,chyut
츞,chyup
츟,chyu
측,cheuk
츤,cheun
츧,cheut
츨,cheul
츰,cheum
츱,cheup
츳,cheut
층,cheung
츶,cheut
츷,cheut
츸,cheuk
츹,cheut
츺,cheup
츻,cheu
칙,chik
친,chin
칟,chit
칠,chil
침,chim
칩,chip
칫,chit
칭,ching
칮,chit
칯,chit
칰,chik
칱,chit
칲,chip
칳,chi
책,chaek
챈,chaen
챋,chaet
챌,chael
챔,chaem
챕,chaep
챗,chaet
챙,chaeng
챚,chaet
챛,chaet
챜,chaek
챝,chaet
챞,chaep
챟,chae
챽,chyaek
첀,chyaen
첃,chyaet
첄,chyael
첌,chyaem
첍,chyaep
첏,chyaet
첑,chyaeng
첒,chyaet
첓,chyaet
첔,chyaek
첕,chyaet
첖,chyaep
첗,chyae
첵,chek
첸,chen
첻,chet
첼,chel
쳄,chem
쳅,chep
쳇,chet
쳉,cheng
쳊,chet
쳋,chet
쳌,chek
쳍,chet
쳎,chep
쳏,che
쳭,chyek
쳰,chyen
쳳,chyet
쳴,chyel
쳼,chyem
쳽,chyep
쳿,chyet
촁,chyeng
촂,chyet
촃,chyet
촄,chyek
촅,chyet
촆,chyep
촇,chye
촥,chwak
촨,chwan
촫,chwat
촬,chwal
촴,chwam
촵,chwap
촷,chwat
촹,chwang
촺,chwat
촻,chwat
촼,chwak
촽,chwat
촾,chwap
촿,chwa
쵁,chwaek
쵄,chwaen
쵇,chwaet
쵈,chwael
쵐,chwaem
쵑,chwaep
쵓,chwaet
쵕,chwaeng
쵖,chwaet
쵗,chwaet
쵘,chwaek
쵙,chwaet
쵚,chwaep
쵛,chwae
쵝,choek
쵠,choen
쵣,choet
쵤,choel
쵬,choem
쵭,choep
쵯,choet
쵱,choeng
쵲,choet
쵳,choet
쵴,choek
쵵,choet
쵶,choep
쵷,choe
춱,chwok
춴,chwon
춷,chwot
춸,chwol
췀,chwom
췁,chwop
췃,chwot
췅,chwong
췆,chwot
췇,chwot
췈,chwok
췉,chwot
췊,chwop
췋,chwo
췍,chwek
췐,chwen
췓,chwet
췔,chwel
췜,chwem
췝,chwep
췟,chwet
췡,chweng
췢,chwet
췣,chwet
췤,chwek
췥,chwet
췦,chwep
췧,chwe
췩,chwik
췬,chwin
췯,chwit
췰,chwil
췸,chwim
췹,chwip
췻,chwit
췽,chwing
췾,chwit
췿,chwit
츀,chwik
츁,chwit
츂,chwip
츃,chwi
츽,chuik
칀,chuin
칃,chuit
칄,chuil
칌,chuim
칍,chuip
칏,chuit
칑,chuing
칒,chuit
칓,chuit
칔,chuik
칕,chuit
칖,chuip
칗,chui
칵,kak
칸,kan
칻,kat
칼,kal
캄,kam
캅,kap
캇,kat
캉,kang
캊,kat
캋,kat
캌,kak
캍,kat
캎,kap
캏,ka
캭,kyak
캰,kyan
캳,kyat
캴,kyal
캼,kyam
캽,kyap
캿,kyat
컁,kyang
컂,kyat
컃,kyat
컄,kyak
컅,kyat
컆,kyap
컇,kya
컥,keok
컨,keon
컫,keot
컬,keol
컴,keom
컵,keop
컷,keot
컹,keong
컺,keot
컻,keot
컼,keok
컽,keot
컾,keop
컿,keo
켝,kyeok
켠,kyeon
켣,kyeot
켤,kyeol
켬,kyeom
켭,kyeop
켯,kyeot
켱,kyeong
켲,kyeot
켳,kyeot
켴,kyeok
켵,kyeot
켶,kyeop
켷,kyeo
콕,kok
콘,kon
콛,kot
콜,kol
콤,kom
콥,kop
콧,kot
콩,kong
콪,kot
콫,kot
콬,kok
콭,kot
콮,kop
콯,ko
쿅,kyok
쿈,kyon
쿋,kyot
쿌,kyol
쿔,kyom
쿕,kyop
쿗,kyot
쿙,kyong
쿚,kyot
쿛,kyot
쿜,kyok
쿝,kyot
쿞,kyop
쿟,kyo
쿡,kuk
쿤,kun
쿧,kut
쿨,kul
쿰,kum
쿱,kup
쿳,kut
쿵,kung
쿶,kut
쿷,kut
쿸,kuk
쿹,kut
쿺,kup
쿻,ku
큑,kyuk
큔,kyun
큗,kyut
큘,kyul
큠,kyum
큡,kyup
큣,kyut
큥,kyung
큦,kyut
큧,kyut
큨,kyuk
큩,kyut
큪,kyup
큫,kyu
큭,keuk
큰,keun
큳,keut
클,keul
큼,keum
큽,keup
큿,keut
킁,keung
킂,keut
킃,keut
킄,keuk
킅,keut
킆,keup
킇,keu
킥,kik
킨,kin
킫,kit
킬,kil
킴,kim
킵,kip
킷,kit
킹,king
킺,kit
킻,kit
킼,kik
킽,kit
킾,kip
킿,ki
캑,kaek
캔,kaen
캗,kaet
캘,kael
캠,kaem
캡,kaep
캣,kaet
캥,kaeng
캦,kaet
캧,kaet
캨,kaek
캩,kaet
캪,kaep
캫,kae
컉,kyaek
컌,kyaen
컏,kyaet
컐,kyael
컘,kyaem
컙,kyaep
컛,kyaet
컝,kyaeng
컞,kyaet
컟,kyaet
컠,kyaek
컡,kyaet
컢,kyaep
컣,kyae
켁,kek
켄,ken
켇,ket
켈,kel
켐,kem
켑,kep
켓,ket
켕,keng
켖,ket
켗,ket
켘,kek
켙,ket
켚,kep
켛,ke
켹,kyek
켼,kyen
켿,kyet
콀,kyel
콈,kyem
콉,kyep
콋,kyet
콍,kyeng
콎,kyet
콏,kyet
콐,kyek
콑,kyet
콒,kyep
콓,kye
콱,kwak
콴,kwan
콷,kwat
콸,kwal
쾀,kwam
쾁,kwap
쾃,kwat
쾅,kwang
쾆,kwat
쾇,kwat
쾈,kwak
쾉,kwat
쾊,kwap
쾋,kwa
쾍,kwaek
쾐,kwaen
쾓,kwaet
쾔,kwael
쾜,kwaem
쾝,kwaep
쾟,kwaet
쾡,kwaeng
쾢,kwaet
쾣,kwaet
쾤,kwaek
쾥,kwaet
쾦,kwaep
쾧,kwae
쾩,koek
쾬,koen
쾯,koet
쾰,koel
쾸,koem
쾹,koep
쾻,koet
쾽,koeng
쾾,koet
쾿,koet
쿀,koek
쿁,koet
쿂,koep
쿃,koe
쿽,kwok
퀀,kwon
퀃,kwot
퀄,kwol
퀌,kwom
퀍,kwop
퀏,kwot
퀑,kwong
퀒,kwot
퀓,kwot
퀔,kwok
퀕,kwot
퀖,kwop
퀗,kwo
퀙,kwek
퀜,kwen
퀟,kwet
퀠,kwel
퀨,kwem
퀩,kwep
퀫,kwet
퀭,kweng
퀮,kwet
퀯,kwet
퀰,kwek
퀱,kwet
퀲,kwep
퀳,kwe
퀵,kwik
퀸,kwin
퀻,kwit
퀼,kwil
큄,kwim
큅,kwip
큇,kwit
큉,kwing
큊,kwit
큋,kwit
큌,kwik
큍,kwit
큎,kwip
큏,kwi
킉,kuik
킌,kuin
킏,kuit
킐,kuil
킘,kuim
킙,kuip
킛,kuit
킝,kuing
킞,kuit
킟,kuit
킠,kuik
킡,kuit
킢,kuip
킣,kui
탁,tak
탄,tan
탇,tat
탈,tal
탐,tam
탑,tap
탓,tat
탕,tang
탖,tat
탗,tat
탘,tak
탙,tat
탚,tap
탛,ta
탹,tyak
탼,tyan
탿,tyat
턀,tyal
턈,tyam
턉,tyap
턋,tyat
턍,tyang
턎,tyat
턏,tyat
턐,tyak
턑,tyat
턒,tyap
턓,tya
턱,teok
턴,teon
턷,teot
털,teol
텀,teom
텁,teop
텃,teot
텅,teong
텆,teot
텇,teot
텈,teok
텉,teot
텊,teop
텋,teo
텩,tyeok
텬,tyeon
텯,tyeot
텰,tyeol
텸,tyeom
텹,tyeop
텻,tyeot
텽,tyeong
텾,tyeot
텿,tyeot
톀,tyeok
톁,tyeot
톂,tyeop
톃,tyeo
톡,tok
톤,ton
톧,tot
톨,tol
톰,tom
톱,top
톳,tot
통,tong
톶,tot
톷,tot
톸,tok
톹,tot
톺,top
톻,to
툑,tyok
툔,tyon
툗,tyot
툘,tyol
툠,tyom
툡,tyop
툣,tyot
툥,tyong
툦,tyot
툧,tyot
툨,tyok
툩,tyot
툪,tyop
툫,tyo
툭,tuk
툰,tun
툳,tut
툴,tul
툼,tum
툽,tup
툿,tut
퉁,tung
퉂,tut
퉃,tut
퉄,tuk
퉅,tut
퉆,tup
퉇,tu
튝,tyuk
튠,tyun
튣,tyut
튤,tyul
튬,tyum
튭,tyup
튯,tyut
튱,tyung
튲,tyut
튳,tyut
튴,tyuk
튵,tyut
튶,tyup
튷,tyu
특,teuk
튼,teun
튿,teut
틀,teul
틈,teum
틉,teup
틋,teut
틍,teung
틎,teut
틏,teut
틐,teuk
틑,teut
틒,teup
틓,teu
틱,tik
틴,tin
틷,tit
틸,til
팀,tim
팁,tip
팃,tit
팅,ting
팆,tit
팇,tit
팈,tik
팉,tit
팊,tip
팋,ti
택,taek
탠,taen
탣,taet
탤,tael
탬,taem
탭,taep
탯,taet
탱,taeng
탲,taet
탳,taet
탴,taek
탵,taet
탶,taep
탷,tae
턕,tyaek
턘,tyaen
턛,tyaet
턜,tyael
턤,tyaem
턥,tyaep
턧,tyaet
턩,tyaeng
턪,tyaet
턫,tyaet
턬,tyaek
턭,tyaet
턮,tyaep
턯,tyae
텍,tek
텐,ten
텓,tet
텔,tel
템,tem
텝,tep
텟,tet
텡,teng
텢,tet
텣,tet
텤,tek
텥,tet
텦,tep
텧,te
톅,tyek
톈,tyen
톋,tyet
톌,tyel
톔,tyem
톕,tyep
톗,tyet
톙,tyeng
톚,tyet
톛,tyet
톜,tyek
톝,tyet
톞,tyep
톟,tye
톽,twak
퇀,twan
퇃,twat
퇄,twal
퇌,twam
퇍,twap
퇏,twat
퇑,twang
퇒,twat
퇓,twat
퇔,twak
퇕,twat
퇖,twap
퇗,twa
퇙,twaek
퇜,twaen
퇟,twaet
퇠,twael
퇨,twaem
퇩,twaep
퇫,twaet
퇭,twaeng
퇮,twaet
퇯,twaet
퇰,twaek
퇱,twaet
퇲,twaep
퇳,twae
퇵,toek
퇸,toen
퇻,toet
퇼,toel
툄,toem
툅,toep
툇,toet
툉,toeng
툊,toet
툋,toet
툌,toek
툍,toet
툎,toep
툏,toe
퉉,twok
퉌,twon
퉏,twot
퉐,twol
퉘,twom
퉙,twop
퉛,twot
퉝,twong
퉞,twot
퉟,twot
퉠,twok
퉡,twot
퉢,twop
퉣,two
퉥,twek
퉨,twen
퉫,twet
퉬,twel
퉴,twem
퉵,twep
퉷,twet
퉹,tweng
퉺,twet
퉻,twet
퉼,twek
퉽,twet
퉾,twep
퉿,twe
튁,twik
튄,twin
튇,twit
튈,twil
튐,twim
튑,twip
튓,twit
튕,twing
튖,twit
튗,twit
튘,twik
튙,twit
튚,twip
튛,twi
틕,tuik
틘,tuin
틛,tuit
틜,tuil
틤,tuim
틥,tuip
틧,tuit
틩,tuing
틪,tuit
틫,tuit
틬,tuik
틭,tuit
틮,tuip
틯,tui
팍,pak
판,pan
팓,pat
팔,pal
팜,pam
팝,pap
팟,pat
팡,pang
팢,pat
팣,pat
팤,pak
팥,pat
팦,pap
팧,pa
퍅,pyak
퍈,pyan
퍋,pyat
퍌,pyal
퍔,pyam
퍕,pyap
퍗,pyat
퍙,pyang
퍚,pyat
퍛,pyat
퍜,pyak
퍝,pyat
퍞,pyap
퍟,pya
퍽,peok
펀,peon
펃,peot
펄,peol
펌,peom
펍,peop
펏,peot
펑,peong
펒,peot
펓,peot
펔,peok
펕,peot
펖,peop
펗,peo
펵,pyeok
편,pyeon
펻,pyeot
펼,pyeol
폄,pyeom
폅,pyeop
폇,pyeot
평,pyeong
폊,pyeot
폋,pyeot
폌,pyeok
폍,pyeot
폎,pyeop
폏,pyeo
폭,pok
폰,pon
폳,pot
폴,pol
폼,pom
폽,pop
폿,pot
퐁,pong
퐂,pot
퐃,pot
퐄,pok
퐅,pot
퐆,pop
퐇,po
푝,pyok
푠,pyon
푣,pyot
푤,pyol
푬,pyom
푭,pyop
푯,pyot
푱,pyong
푲,pyot
푳,pyot
푴,pyok
푵,pyot
푶,pyop
푷,pyo
푹,puk
푼,pun
푿,put
풀,pul
품,pum
풉,pup
풋,put
풍,pung
풎,put
풏,put
풐,puk
풑,put
풒,pup
풓,pu
퓩,pyuk
퓬,pyun
퓯,pyut
퓰,pyul
퓸,pyum
퓹,pyup
퓻,pyut
퓽,pyung
퓾,pyut
퓿,pyut
픀,pyuk
픁,pyut
픂,pyup
픃,pyu
픅,peuk
픈,peun
픋,peut
플,peul
픔,peum
픕,peup
픗,peut
픙,peung
픚,peut
픛,peut
픜,peuk
픝,peut
픞,peup
픟,peu
픽,pik
핀,pin
핃,pit
필,pil
핌,pim
핍,pip
핏,pit
핑,ping
핒,pit
핓,pit
핔,pik
핕,pit
핖,pip
핗,pi
팩,paek
팬,paen
팯,paet
팰,pael
팸,paem
팹,paep
팻,paet
팽,paeng
팾,paet
팿,paet
퍀,paek
퍁,paet
퍂,paep
퍃,pae
퍡,pyaek
퍤,pyaen
퍧,pyaet
퍨,pyael
퍰,pyaem
퍱,pyaep
퍳,pyaet
퍵,pyaeng
퍶,pyaet
퍷,pyaet
퍸,pyaek
퍹,pyaet
퍺,pyaep
퍻,pyae
펙,pek
펜,pen
펟,pet
펠,pel
펨,pem
펩,pep
펫,pet
펭,peng
펮,pet
펯,pet
펰,pek
펱,pet
펲,pep
펳,pe
폑,pyek
폔,pyen
폗,pyet
폘,pyel
폠,pyem
폡,pyep
폣,pyet
폥,pyeng
폦,pyet
폧,pyet
폨,pyek
폩,pyet
폪,pyep
폫,pye
퐉,pwak
퐌,pwan
퐏,pwat
퐐,pwal
퐘,pwam
퐙,pwap
퐛,pwat
퐝,pwang
퐞,pwat
퐟,pwat
퐠,pwak
퐡,pwat
퐢,pwap
퐣,pwa
퐥,pwaek
퐨,pwaen
퐫,pwaet
퐬,pwael
퐴,pwaem
퐵,pwaep
퐷,pwaet
퐹,pwaeng
퐺,pwaet
퐻,pwaet
퐼,pwaek
퐽,pwaet
퐾,pwaep
퐿,pwae
푁,poek
푄,poen
푇,poet
푈,poel
푐,poem
푑,poep
푓,poet
푕,poeng
푖,poet
푗,poet
푘,poek
푙,poet
푚,poep
푛,poe
풕,pwok
풘,pwon
풛,pwot
풜,pwol
풤,pwom
풥,pwop
풧,pwot
풩,pwong
풪,pwot
풫,pwot
풬,pwok
풭,pwot
풮,pwop
풯,pwo
풱,pwek
풴,pwen
풷,pwet
풸,pwel
퓀,pwem
퓁,pwep
퓃,pwet
퓅,pweng
퓆,pwet
퓇,pwet
퓈,pwek
퓉,pwet
퓊,pwep
퓋,pwe
퓍,pwik
퓐,pwin
퓓,pwit
퓔,pwil
퓜,pwim
퓝,pwip
퓟,pwit
퓡,pwing
퓢,pwit
퓣,pwit
퓤,pwik
퓥,pwit
퓦,pwip
퓧,pwi
픡,puik
픤,puin
픧,puit
픨,puil
픰,puim
픱,puip
픳,puit
픵,puing
픶,puit
픷,puit
픸,puik
픹,puit
픺,puip
픻,pui
학,hak
한,han
핟,hat
할,hal
함,ham
합,hap
핫,hat
항,hang
핮,hat
핯,hat
핰,hak
핱,hat
핲,hap
핳,ha
햑,hyak
햔,hyan
햗,hyat
햘,hyal
햠,hyam
햡,hyap
햣,hyat
향,hyang
햦,hyat
햧,hyat
햨,hyak
햩,hyat
햪,hyap
햫,hya
헉,heok
헌,heon
헏,heot
헐,heol
험,heom
헙,heop
헛,heot
헝,heong
헞,heot
헟,heot
헠,heok
헡,heot
헢,heop
헣,heo
혁,hyeok
현,hyeon
혇,hyeot
혈,hyeol
혐,hyeom
협,hyeop
혓,hyeot
형,hyeong
혖,hyeot
혗,hyeot
혘,hyeok
혙,hyeot
혚,hyeop
혛,hyeo
혹,hok
혼,hon
혿,hot
홀,hol
홈,hom
홉,hop
홋,hot
홍,hong
홎,hot
홏,hot
홐,hok
홑,hot
홒,hop
홓,ho
횩,hyok
횬,hyon
횯,hyot
횰,hyol
횸,hyom
횹,hyop
횻,hyot
횽,hyong
횾,hyot
횿,hyot
훀,hyok
훁,hyot
훂,hyop
훃,hyo
훅,huk
훈,hun
훋,hut
훌,hul
훔,hum
훕,hup
훗,hut
훙,hung
훚,hut
훛,hut
훜,huk
훝,hut
훞,hup
훟,hu
휵,hyuk
휸,hyun
휻,hyut
휼,hyul
흄,hyum
흅,hyup
흇,hyut
흉,hyung
흊,hyut
흋,hyut
흌,hyuk
흍,hyut
흎,hyup
흏,hyu
흑,heuk
흔,heun
흗,heut
흘,heul
흠,heum
흡,heup
흣,heut
흥,heung
흦,heut
흧,heut
흨,heuk
흩,heut
흪,heup
흫,heu
힉,hik
힌,hin
힏,hit
힐,hil
힘,him
힙,hip
힛,hit
힝,hing
힞,hit
힟,hit
힠,hik
힡,hit
힢,hip
힣,hi
핵,haek
핸,haen
핻,haet
핼,hael
햄,haem
햅,haep
햇,haet
행,haeng
햊,haet
햋,haet
햌,haek
햍,haet
햎,haep
햏,hae
햭,hyaek
햰,hyaen
햳,hyaet
햴,hyael
햼,hyaem
햽,hyaep
햿,hyaet
헁,hyaeng
헂,hyaet
헃,hyaet
헄,hyaek
헅,hyaet
헆,hyaep
헇,hyae
헥,hek
헨,hen
헫,het
헬,hel
헴,hem
헵,hep
헷,het
헹,heng
헺,het
헻,het
헼,hek
헽,het
헾,hep
헿,he
혝,hyek
혠,hyen
혣,hyet
혤,hyel
혬,hyem
혭,hyep
혯,hyet
혱,hyeng
혲,hyet
혳,hyet
혴,hyek
혵,hyet
혶,hyep
혷,hye
확,hwak
환,hwan
홛,hwat
활,hwal
홤,hwam
홥,hwap
홧,hwat
황,hwang
홪,hwat
홫,hwat
홬,hwak
홭,hwat
홮,hwap
홯,hwa
홱,hwaek
홴,hwaen
홷,hwaet
홸,hwael
횀,hwaem
횁,hwaep
횃,hwaet
횅,hwaeng
횆,hwaet
횇,hwaet
횈,hwaek
횉,hwaet
횊,hwaep
횋,hwae
획,hoek
횐,hoen
횓,hoet
횔,hoel
횜,hoem
횝,hoep
횟,hoet
횡,hoeng
횢,hoet
횣,hoet
횤,hoek
횥,hoet
횦,hoep
횧,hoe
훡,hwok
훤,hwon
훧,hwot
훨,hwol
훰,hwom
훱,hwop
훳,hwot
훵,hwong
훶,hwot
훷,hwot
훸,hwok
훹,hwot
훺,hwop
훻,hwo
훽,hwek
휀,hwen
휃,hwet
휄,hwel
휌,hwem
휍,hwep
휏,hwet
휑,hweng
휒,hwet
휓,hwet
휔,hwek
휕,hwet
휖,hwep
휗,hwe
휙,hwik
휜,hwin
휟,hwit
휠,hwil
휨,hwim
휩,hwip
휫,hwit
휭,hwing
휮,hwit
휯,hwit
휰,hwik
휱,hwit
휲,hwip
휳,hwi
흭,huik
흰,huin
흳,huit
흴,huil
흼,huim
흽,huip
흿,huit
힁,huing
힂,huit
힃,huit
힄,huik
힅,huit
힆,huip
힇,hui
