Greek,Romanized,Type
Α,a,1
Ε,e,1
Η,i,1
Ι,i,1
Ο,o,1
Υ,y,1
Ω,o,1
ΑΒ,av,2
ΑΓ,ag,2
ΑΔ,ad,2
ΑΖ,az,2
ΑΘ,ath,2
ΑΚ,ak,2
ΑΛ,al,2
ΑΜ,am,2
ΑΝ,an,2
ΑΞ,ax,2
ΑΠ,ap,2
ΑΡ,ar,2
ΑΣ,as,2
ΑΤ,at,2
ΑΦ,af,2
ΑΧ,ach,2
ΑΨ,aps,2
ΕΒ,ev,2
ΕΓ,eg,2
ΕΔ,ed,2
ΕΖ,ez,2
ΕΘ,eth,2
ΕΚ,ek,2
ΕΛ,el,2
ΕΜ,em,2
ΕΝ,en,2
ΕΞ,ex,2
ΕΠ,ep,2
ΕΡ,er,2
ΕΣ,es,2
ΕΤ,et,2
ΕΦ,ef,2
ΕΧ,ech,2
ΕΨ,eps,2
ΗΒ,iv,2
ΗΓ,ig,2
ΗΔ,id,2
ΗΖ,iz,2
ΗΘ,ith,2
ΗΚ,ik,2
ΗΛ,il,2
ΗΜ,im,2
ΗΝ,in,2
ΗΞ,ix,2
ΗΠ,ip,2
ΗΡ,ir,2
ΗΣ,is,2
ΗΤ,it,2
ΗΦ,if,2
ΗΧ,ich,2
ΗΨ,ips,2
ΙΒ,iv,2
ΙΓ,ig,2
ΙΔ,id,2
ΙΖ,iz,2
ΙΘ,ith,2
ΙΚ,ik,2
ΙΛ,il,2
ΙΜ,im,2
ΙΝ,in,2
ΙΞ,ix,2
ΙΠ,ip,2
ΙΡ,ir,2
ΙΣ,is,2
ΙΤ,it,2
ΙΦ,if,2
ΙΧ,ich,2
ΙΨ,ips,2
ΟΒ,ov,2
ΟΓ,og,2
ΟΔ,od,2
ΟΖ,oz,2
ΟΘ,oth,2
ΟΚ,ok,2
ΟΛ,ol,2
ΟΜ,om,2
ΟΝ,on,2
ΟΞ,ox,2
ΟΠ,op,2
ΟΡ,or,2
ΟΣ,os,2
ΟΤ,ot,2
ΟΦ,of,2
ΟΧ,och,2
ΟΨ,ops,2
ΥΒ,yv,2
ΥΓ,yg,2
ΥΔ,yd,2
ΥΖ,yz,2
ΥΘ,yth,2
ΥΚ,yk,2
ΥΛ,yl,2
ΥΜ,ym,2
ΥΝ,yn,2
ΥΞ,yx,2
ΥΠ,yp,2
ΥΡ,yr,2
ΥΣ,ys,2
ΥΤ,yt,2
ΥΦ,yf,2
ΥΧ,ych,2
ΥΨ,yps,2
ΩΒ,ov,2
ΩΓ,og,2
ΩΔ,od,2
ΩΖ,oz,2
ΩΘ,oth,2
ΩΚ,ok,2
ΩΛ,ol,2
ΩΜ,om,2
ΩΝ,on,2
ΩΞ,ox,2
ΩΠ,op,2
ΩΡ,or,2
ΩΣ,os,2
ΩΤ,ot,2
ΩΦ,of,2
ΩΧ,och,2
ΩΨ,ops,2
ΒΑ,va,3
ΒΕ,ve,3
ΒΗ,vi,3
ΒΙ,vi,3
ΒΟ,vo,3
ΒΥ,vy,3
ΒΩ,vo,3
ΓΑ,ga,3
ΓΕ,ge,3
ΓΗ,gi,3
ΓΙ,gi,3
ΓΟ,go,3
ΓΥ,gy,3
ΓΩ,go,3
ΔΑ,da,3
ΔΕ,de,3
ΔΗ,di,3
ΔΙ,di,3
ΔΟ,do,3
ΔΥ,dy,3
ΔΩ,do,3
ΖΑ,za,3
ΖΕ,ze,3
ΖΗ,zi,3
ΖΙ,zi,3
ΖΟ,zo,3
ΖΥ,zy,3
ΖΩ,zo,3
ΘΑ,tha,3
ΘΕ,the,3
ΘΗ,thi,3
ΘΙ,thi,3
ΘΟ,tho,3
ΘΥ,thy,3
ΘΩ,tho,3
ΚΑ,ka,3
ΚΕ,ke,3
ΚΗ,ki,3
ΚΙ,ki,3
ΚΟ,ko,3
ΚΥ,ky,3
ΚΩ,ko,3
ΛΑ,la,3
ΛΕ,le,3
ΛΗ,li,3
ΛΙ,li,3
ΛΟ,lo,3
ΛΥ,ly,3
ΛΩ,lo,3
ΜΑ,ma,3
ΜΕ,me,3
ΜΗ,mi,3
ΜΙ,mi,3
ΜΟ,mo,3
ΜΥ,my,3
ΜΩ,mo,3
ΝΑ,na,3
ΝΕ,ne,3
ΝΗ,ni,3
ΝΙ,ni,3
ΝΟ,no,3
ΝΥ,ny,3
ΝΩ,no,3
ΞΑ,xa,3
ΞΕ,xe,3
ΞΗ,xi,3
ΞΙ,xi,3
ΞΟ,xo,3
ΞΥ,xy,3
ΞΩ,xo,3
ΠΑ,pa,3
ΠΕ,pe,3
ΠΗ,pi,3
ΠΙ,pi,3
ΠΟ,po,3
ΠΥ,py,3
ΠΩ,po,3
ΡΑ,ra,3
ΡΕ,re,3
ΡΗ,ri,3
ΡΙ,ri,3
ΡΟ,ro,3
ΡΥ,ry,3
ΡΩ,ro,3
ΣΑ,sa,3
ΣΕ,se,3
ΣΗ,si,3
ΣΙ,si,3
ΣΟ,so,3
ΣΥ,sy,3
ΣΩ,so,3
ΤΑ,ta,3
ΤΕ,te,3
ΤΗ,ti,3
ΤΙ,ti,3
ΤΟ,to,3
ΤΥ,ty,3
ΤΩ,to,3
ΦΑ,fa,3
ΦΕ,fe,3
ΦΗ,fi,3
ΦΙ,fi,3
ΦΟ,fo,3
ΦΥ,fy,3
ΦΩ,fo,3
ΧΑ,cha,3
ΧΕ,che,3
ΧΗ,chi,3
ΧΙ,chi,3
ΧΟ,cho,3
ΧΥ,chy,3
ΧΩ,cho,3
ΨΑ,psa,3
ΨΕ,pse,3
ΨΗ,psi,3
ΨΙ,psi,3
ΨΟ,pso,3
ΨΥ,psy,3
ΨΩ,pso,3
ΒΑΒ,vav,4
ΒΑΓ,vag,4
ΒΑΔ,vad,4
ΒΑΖ,vaz,4
ΒΑΘ,vath,4
ΒΑΚ,vak,4
ΒΑΛ,val,4
ΒΑΜ,vam,4
ΒΑΝ,van,4
ΒΑΞ,vax,4
ΒΑΠ,vap,4
ΒΑΡ,var,4
ΒΑΣ,vas,4
ΒΑΤ,vat,4
ΒΑΦ,vaf,4
ΒΑΧ,vach,4
ΒΑΨ,vaps,4
ΒΕΒ,vev,4
ΒΕΓ,veg,4
ΒΕΔ,ved,4
ΒΕΖ,vez,4
ΒΕΘ,veth,4
ΒΕΚ,vek,4
ΒΕΛ,vel,4
ΒΕΜ,vem,4
ΒΕΝ,ven,4
ΒΕΞ,vex,4
ΒΕΠ,vep,4
ΒΕΡ,ver,4
ΒΕΣ,ves,4
ΒΕΤ,vet,4
ΒΕΦ,vef,4
ΒΕΧ,vech,4
ΒΕΨ,veps,4
ΒΗΒ,viv,4
ΒΗΓ,vig,4
ΒΗΔ,vid,4
ΒΗΖ,viz,4
ΒΗΘ,vith,4
ΒΗΚ,vik,4
ΒΗΛ,vil,4
ΒΗΜ,vim,4
ΒΗΝ,vin,4
ΒΗΞ,vix,4
ΒΗΠ,vip,4
ΒΗΡ,vir,4
ΒΗΣ,vis,4
ΒΗΤ,vit,4
ΒΗΦ,vif,4
ΒΗΧ,vich,4
ΒΗΨ,vips,4
ΒΙΒ,viv,4
ΒΙΓ,vig,4
ΒΙΔ,vid,4
ΒΙΖ,viz,4
ΒΙΘ,vith,4
ΒΙΚ,vik,4
ΒΙΛ,vil,4
ΒΙΜ,vim,4
ΒΙΝ,vin,4
ΒΙΞ,vix,4
ΒΙΠ,vip,4
ΒΙΡ,vir,4
ΒΙΣ,vis,4
ΒΙΤ,vit,4
ΒΙΦ,vif,4
ΒΙΧ,vich,4
ΒΙΨ,vips,4
ΒΟΒ,vov,4
ΒΟΓ,vog,4
ΒΟΔ,vod,4
ΒΟΖ,voz,4
ΒΟΘ,voth,4
ΒΟΚ,vok,4
ΒΟΛ,vol,4
ΒΟΜ,vom,4
ΒΟΝ,von,4
ΒΟΞ,vox,4
ΒΟΠ,vop,4
ΒΟΡ,vor,4
ΒΟΣ,vos,4
ΒΟΤ,vot,4
ΒΟΦ,vof,4
ΒΟΧ,voch,4
ΒΟΨ,vops,4
ΒΥΒ,vyv,4
ΒΥΓ,vyg,4
ΒΥΔ,vyd,4
ΒΥΖ,vyz,4
ΒΥΘ,vyth,4
ΒΥΚ,vyk,4
ΒΥΛ,vyl,4
ΒΥΜ,vym,4
ΒΥΝ,vyn,4
ΒΥΞ,vyx,4
ΒΥΠ,vyp,4
ΒΥΡ,vyr,4
ΒΥΣ,vys,4
ΒΥΤ,vyt,4
ΒΥΦ,vyf,4
ΒΥΧ,vych,4
ΒΥΨ,vyps,4
ΒΩΒ,vov,4
ΒΩΓ,vog,4
ΒΩΔ,vod,4
ΒΩΖ,voz,4
ΒΩΘ,voth,4
ΒΩΚ,vok,4
ΒΩΛ,vol,4
ΒΩΜ,vom,4
ΒΩΝ,von,4
ΒΩΞ,vox,4
ΒΩΠ,vop,4
ΒΩΡ,vor,4
ΒΩΣ,vos,4
ΒΩΤ,vot,4
ΒΩΦ,vof,4
ΒΩΧ,voch,4
ΒΩΨ,vops,4
ΓΑΒ,gav,4
ΓΑΓ,gag,4
ΓΑΔ,gad,4
ΓΑΖ,gaz,4
ΓΑΘ,gath,4
ΓΑΚ,gak,4
ΓΑΛ,gal,4
ΓΑΜ,gam,4
ΓΑΝ,gan,4
ΓΑΞ,gax,4
ΓΑΠ,gap,4
ΓΑΡ,gar,4
ΓΑΣ,gas,4
ΓΑΤ,gat,4
ΓΑΦ,gaf,4
ΓΑΧ,gach,4
ΓΑΨ,gaps,4
ΓΕΒ,gev,4
ΓΕΓ,geg,4
ΓΕΔ,ged,4
ΓΕΖ,gez,4
ΓΕΘ,geth,4
ΓΕΚ,gek,4
ΓΕΛ,gel,4
ΓΕΜ,gem,4
ΓΕΝ,gen,4
ΓΕΞ,gex,4
ΓΕΠ,gep,4
ΓΕΡ,ger,4
ΓΕΣ,ges,4
ΓΕΤ,get,4
ΓΕΦ,gef,4
ΓΕΧ,gech,4
ΓΕΨ,geps,4
ΓΗΒ,giv,4
ΓΗΓ,gig,4
ΓΗΔ,gid,4
ΓΗΖ,giz,4
ΓΗΘ,gith,4
ΓΗΚ,gik,4
ΓΗΛ,gil,4
ΓΗΜ,gim,4
ΓΗΝ,gin,4
ΓΗΞ,gix,4
ΓΗΠ,gip,4
ΓΗΡ,gir,4
ΓΗΣ,gis,4
ΓΗΤ,git,4
ΓΗΦ,gif,4
ΓΗΧ,gich,4
ΓΗΨ,gips,4
ΓΙΒ,giv,4
ΓΙΓ,gig,4
ΓΙΔ,gid,4
ΓΙΖ,giz,4
ΓΙΘ,gith,4
ΓΙΚ,gik,4
ΓΙΛ,gil,4
ΓΙΜ,gim,4
ΓΙΝ,gin,4
ΓΙΞ,gix,4
ΓΙΠ,gip,4
ΓΙΡ,gir,4
ΓΙΣ,gis,4
ΓΙΤ,git,4
ΓΙΦ,gif,4
ΓΙΧ,gich,4
ΓΙΨ,gips,4
ΓΟΒ,gov,4
ΓΟΓ,gog,4
ΓΟΔ,god,4
ΓΟΖ,goz,4
ΓΟΘ,goth,4
ΓΟΚ,gok,4
ΓΟΛ,gol,4
ΓΟΜ,gom,4
ΓΟΝ,gon,4
ΓΟΞ,gox,4
ΓΟΠ,gop,4
ΓΟΡ,gor,4
ΓΟΣ,gos,4
ΓΟΤ,got,4
ΓΟΦ,gof,4
ΓΟΧ,goch,4
ΓΟΨ,gops,4
ΓΥΒ,gyv,4
ΓΥΓ,gyg,4
ΓΥΔ,gyd,4
ΓΥΖ,gyz,4
ΓΥΘ,gyth,4
ΓΥΚ,gyk,4
ΓΥΛ,gyl,4
ΓΥΜ,gym,4
ΓΥΝ,gyn,4
ΓΥΞ,gyx,4
ΓΥΠ,gyp,4
ΓΥΡ,gyr,4
ΓΥΣ,gys,4
ΓΥΤ,gyt,4
ΓΥΦ,gyf,4
ΓΥΧ,gych,4
ΓΥΨ,gyps,4
ΓΩΒ,gov,4
ΓΩΓ,gog,4
ΓΩΔ,god,4
ΓΩΖ,goz,4
ΓΩΘ,goth,4
ΓΩΚ,gok,4
ΓΩΛ,gol,4
ΓΩΜ,gom,4
ΓΩΝ,gon,4
ΓΩΞ,gox,4
ΓΩΠ,gop,4
ΓΩΡ,gor,4
ΓΩΣ,gos,4
ΓΩΤ,got,4
ΓΩΦ,gof,4
ΓΩΧ,goch,4
ΓΩΨ,gops,4
ΔΑΒ,dav,4
ΔΑΓ,dag,4
ΔΑΔ,dad,4
ΔΑΖ,daz,4
ΔΑΘ,dath,4
ΔΑΚ,dak,4
ΔΑΛ,dal,4
ΔΑΜ,dam,4
ΔΑΝ,dan,4
ΔΑΞ,dax,4
ΔΑΠ,dap,4
ΔΑΡ,dar,4
ΔΑΣ,das,4
ΔΑΤ,dat,4
ΔΑΦ,daf,4
ΔΑΧ,dach,4
ΔΑΨ,daps,4
ΔΕΒ,dev,4
ΔΕΓ,deg,4
ΔΕΔ,ded,4
ΔΕΖ,dez,4
ΔΕΘ,deth,4
ΔΕΚ,dek,4
ΔΕΛ,del,4
ΔΕΜ,dem,4
ΔΕΝ,den,4
ΔΕΞ,dex,4
ΔΕΠ,dep,4
ΔΕΡ,der,4
ΔΕΣ,des,4
ΔΕΤ,det,4
ΔΕΦ,def,4
ΔΕΧ,dech,4
ΔΕΨ,deps,4
ΔΗΒ,div,4
ΔΗΓ,dig,4
ΔΗΔ,did,4
ΔΗΖ,diz,4
ΔΗΘ,dith,4
ΔΗΚ,dik,4
ΔΗΛ,dil,4
ΔΗΜ,dim,4
ΔΗΝ,din,4
ΔΗΞ,dix,4
ΔΗΠ,dip,4
ΔΗΡ,dir,4
ΔΗΣ,dis,4
ΔΗΤ,dit,4
ΔΗΦ,dif,4
ΔΗΧ,dich,4
ΔΗΨ,dips,4
ΔΙΒ,div,4
ΔΙΓ,dig,4
ΔΙΔ,did,4
ΔΙΖ,diz,4
ΔΙΘ,dith,4
ΔΙΚ,dik,4
ΔΙΛ,dil,4
ΔΙΜ,dim,4
ΔΙΝ,din,4
ΔΙΞ,dix,4
ΔΙΠ,dip,4
ΔΙΡ,dir,4
ΔΙΣ,dis,4
ΔΙΤ,dit,4
ΔΙΦ,dif,4
ΔΙΧ,dich,4
ΔΙΨ,dips,4
ΔΟΒ,dov,4
ΔΟΓ,dog,4
ΔΟΔ,dod,4
ΔΟΖ,doz,4
ΔΟΘ,doth,4
ΔΟΚ,dok,4
ΔΟΛ,dol,4
ΔΟΜ,dom,4
ΔΟΝ,don,4
ΔΟΞ,dox,4
ΔΟΠ,dop,4
ΔΟΡ,dor,4
ΔΟΣ,dos,4
ΔΟΤ,dot,4
ΔΟΦ,dof,4
ΔΟΧ,doch,4
ΔΟΨ,dops,4
ΔΥΒ,dyv,4
ΔΥΓ,dyg,4
ΔΥΔ,dyd,4
ΔΥΖ,dyz,4
ΔΥΘ,dyth,4
ΔΥΚ,dyk,4
ΔΥΛ,dyl,4
ΔΥΜ,dym,4
ΔΥΝ,dyn,4
ΔΥΞ,dyx,4
ΔΥΠ,dyp,4
ΔΥΡ,dyr,4
ΔΥΣ,dys,4
ΔΥΤ,dyt,4
ΔΥΦ,dyf,4
ΔΥΧ,dych,4
ΔΥΨ,dyps,4
ΔΩΒ,dov,4
ΔΩΓ,dog,4
ΔΩΔ,dod,4
ΔΩΖ,doz,4
ΔΩΘ,doth,4
ΔΩΚ,dok,4
ΔΩΛ,dol,4
ΔΩΜ,dom,4
ΔΩΝ,don,4
ΔΩΞ,dox,4
ΔΩΠ,dop,4
ΔΩΡ,dor,4
ΔΩΣ,dos,4
ΔΩΤ,dot,4
ΔΩΦ,dof,4
ΔΩΧ,doch,4
ΔΩΨ,dops,4
ΖΑΒ,zav,4
ΖΑΓ,zag,4
ΖΑΔ,zad,4
ΖΑΖ,zaz,4
ΖΑΘ,zath,4
ΖΑΚ,zak,4
ΖΑΛ,zal,4
ΖΑΜ,zam,4
ΖΑΝ,zan,4
ΖΑΞ,zax,4
ΖΑΠ,zap,4
ΖΑΡ,zar,4
ΖΑΣ,zas,4
ΖΑΤ,zat,4
ΖΑΦ,zaf,4
ΖΑΧ,zach,4
ΖΑΨ,zaps,4
ΖΕΒ,zev,4
ΖΕΓ,zeg,4
ΖΕΔ,zed,4
ΖΕΖ,zez,4
ΖΕΘ,zeth,4
ΖΕΚ,zek,4
ΖΕΛ,zel,4
ΖΕΜ,zem,4
ΖΕΝ,zen,4
ΖΕΞ,zex,4
ΖΕΠ,zep,4
ΖΕΡ,zer,4
ΖΕΣ,zes,4
ΖΕΤ,zet,4
ΖΕΦ,zef,4
ΖΕΧ,zech,4
ΖΕΨ,zeps,4
ΖΗΒ,ziv,4
ΖΗΓ,zig,4
ΖΗΔ,zid,4
ΖΗΖ,ziz,4
ΖΗΘ,zith,4
ΖΗΚ,zik,4
ΖΗΛ,zil,4
ΖΗΜ,zim,4
ΖΗΝ,zin,4
ΖΗΞ,zix,4
ΖΗΠ,zip,4
ΖΗΡ,zir,4
ΖΗΣ,zis,4
ΖΗΤ,zit,4
ΖΗΦ,zif,4
ΖΗΧ,zich,4
ΖΗΨ,zips,4
ΖΙΒ,ziv,4
ΖΙΓ,zig,4
ΖΙΔ,zid,4
ΖΙΖ,ziz,4
ΖΙΘ,zith,4
ΖΙΚ,zik,4
ΖΙΛ,zil,4
ΖΙΜ,zim,4
ΖΙΝ,zin,4
ΖΙΞ,zix,4
ΖΙΠ,zip,4
ΖΙΡ,zir,4
ΖΙΣ,zis,4
ΖΙΤ,zit,4
ΖΙΦ,zif,4
ΖΙΧ,zich,4
ΖΙΨ,zips,4
ΖΟΒ,zov,4
ΖΟΓ,zog,4
ΖΟΔ,zod,4
ΖΟΖ,zoz,4
ΖΟΘ,zoth,4
ΖΟΚ,zok,4
ΖΟΛ,zol,4
ΖΟΜ,zom,4
ΖΟΝ,zon,4
ΖΟΞ,zox,4
ΖΟΠ,zop,4
ΖΟΡ,zor,4
ΖΟΣ,zos,4
ΖΟΤ,zot,4
ΖΟΦ,zof,4
ΖΟΧ,zoch,4
ΖΟΨ,zops,4
ΖΥΒ,zyv,4
ΖΥΓ,zyg,4
ΖΥΔ,zyd,4
ΖΥΖ,zyz,4
ΖΥΘ,zyth,4
ΖΥΚ,zyk,4
ΖΥΛ,zyl,4
ΖΥΜ,zym,4
ΖΥΝ,zyn,4
ΖΥΞ,zyx,4
ΖΥΠ,zyp,4
ΖΥΡ,zyr,4
ΖΥΣ,zys,4
ΖΥΤ,zyt,4
ΖΥΦ,zyf,4
ΖΥΧ,zych,4
ΖΥΨ,zyps,4
ΖΩΒ,zov,4
ΖΩΓ,zog,4
ΖΩΔ,zod,4
ΖΩΖ,zoz,4
ΖΩΘ,zoth,4
ΖΩΚ,zok,4
ΖΩΛ,zol,4
ΖΩΜ,zom,4
ΖΩΝ,zon,4
ΖΩΞ,zox,4
ΖΩΠ,zop,4
ΖΩΡ,zor,4
ΖΩΣ,zos,4
ΖΩΤ,zot,4
ΖΩΦ,zof,4
ΖΩΧ,zoch,4
ΖΩΨ,zops,4
ΘΑΒ,thav,4
ΘΑΓ,thag,4
ΘΑΔ,thad,4
ΘΑΖ,thaz,4
ΘΑΘ,thath,4
ΘΑΚ,thak,4
ΘΑΛ,thal,4
ΘΑΜ,tham,4
ΘΑΝ,than,4
ΘΑΞ,thax,4
ΘΑΠ,thap,4
ΘΑΡ,thar,4
ΘΑΣ,thas,4
ΘΑΤ,that,4
ΘΑΦ,thaf,4
ΘΑΧ,thach,4
ΘΑΨ,thaps,4
ΘΕΒ,thev,4
ΘΕΓ,theg,4
ΘΕΔ,thed,4
ΘΕΖ,thez,4
ΘΕΘ,theth,4
ΘΕΚ,thek,4
ΘΕΛ,thel,4
ΘΕΜ,them,4
ΘΕΝ,then,4
ΘΕΞ,thex,4
ΘΕΠ,thep,4
ΘΕΡ,ther,4
ΘΕΣ,thes,4
ΘΕΤ,thet,4
ΘΕΦ,thef,4
ΘΕΧ,thech,4
ΘΕΨ,theps,4
ΘΗΒ,thiv,4
ΘΗΓ,thig,4
ΘΗΔ,thid,4
ΘΗΖ,thiz,4
ΘΗΘ,thith,4
ΘΗΚ,thik,4
ΘΗΛ,thil,4
ΘΗΜ,thim,4
ΘΗΝ,thin,4
ΘΗΞ,thix,4
ΘΗΠ,thip,4
ΘΗΡ,thir,4
ΘΗΣ,this,4
ΘΗΤ,thit,4
ΘΗΦ,thif,4
ΘΗΧ,thich,4
ΘΗΨ,thips,4
ΘΙΒ,thiv,4
ΘΙΓ,thig,4
ΘΙΔ,thid,4
ΘΙΖ,thiz,4
ΘΙΘ,thith,4
ΘΙΚ,thik,4
ΘΙΛ,thil,4
ΘΙΜ,thim,4
ΘΙΝ,thin,4
ΘΙΞ,thix,4
ΘΙΠ,thip,4
ΘΙΡ,thir,4
ΘΙΣ,this,4
ΘΙΤ,thit,4
ΘΙΦ,thif,4
ΘΙΧ,thich,4
ΘΙΨ,thips,4
ΘΟΒ,thov,4
ΘΟΓ,thog,4
ΘΟΔ,thod,4
ΘΟΖ,thoz,4
ΘΟΘ,thoth,4
ΘΟΚ,thok,4
ΘΟΛ,thol,4
ΘΟΜ,thom,4
ΘΟΝ,thon,4
ΘΟΞ,thox,4
ΘΟΠ,thop,4
ΘΟΡ,thor,4
ΘΟΣ,thos,4
ΘΟΤ,thot,4
ΘΟΦ,thof,4
ΘΟΧ,thoch,4
ΘΟΨ,thops,4
ΘΥΒ,thyv,4
ΘΥΓ,thyg,4
ΘΥΔ,thyd,4
ΘΥΖ,thyz,4
ΘΥΘ,thyth,4
ΘΥΚ,thyk,4
ΘΥΛ,thyl,4
ΘΥΜ,thym,4
ΘΥΝ,thyn,4
ΘΥΞ,thyx,4
ΘΥΠ,thyp,4
ΘΥΡ,thyr,4
ΘΥΣ,thys,4
ΘΥΤ,thyt,4
ΘΥΦ,thyf,4
ΘΥΧ,thych,4
ΘΥΨ,thyps,4
ΘΩΒ,thov,4
ΘΩΓ,thog,4
ΘΩΔ,thod,4
ΘΩΖ,thoz,4
ΘΩΘ,thoth,4
ΘΩΚ,thok,4
ΘΩΛ,thol,4
ΘΩΜ,thom,4
ΘΩΝ,thon,4
ΘΩΞ,thox,4
ΘΩΠ,thop,4
ΘΩΡ,thor,4
ΘΩΣ,thos,4
ΘΩΤ,thot,4
ΘΩΦ,thof,4
ΘΩΧ,thoch,4
ΘΩΨ,thops,4
ΚΑΒ,kav,4
ΚΑΓ,kag,4
ΚΑΔ,kad,4
ΚΑΖ,kaz,4
ΚΑΘ,kath,4
ΚΑΚ,kak,4
ΚΑΛ,kal,4
ΚΑΜ,kam,4
ΚΑΝ,kan,4
ΚΑΞ,kax,4
ΚΑΠ,kap,4
ΚΑΡ,kar,4
ΚΑΣ,kas,4
ΚΑΤ,kat,4
ΚΑΦ,kaf,4
ΚΑΧ,kach,4
ΚΑΨ,kaps,4
ΚΕΒ,kev,4
ΚΕΓ,keg,4
ΚΕΔ,ked,4
ΚΕΖ,kez,4
ΚΕΘ,keth,4
ΚΕΚ,kek,4
ΚΕΛ,kel,4
ΚΕΜ,kem,4
ΚΕΝ,ken,4
ΚΕΞ,kex,4
ΚΕΠ,kep,4
ΚΕΡ,ker,4
ΚΕΣ,kes,4
ΚΕΤ,ket,4
ΚΕΦ,kef,4
ΚΕΧ,kech,4
ΚΕΨ,keps,4
ΚΗΒ,kiv,4
ΚΗΓ,kig,4
ΚΗΔ,kid,4
ΚΗΖ,kiz,4
ΚΗΘ,kith,4
ΚΗΚ,kik,4
ΚΗΛ,kil,4
ΚΗΜ,kim,4
ΚΗΝ,kin,4
ΚΗΞ,kix,4
ΚΗΠ,kip,4
ΚΗΡ,kir,4
ΚΗΣ,kis,4
ΚΗΤ,kit,4
ΚΗΦ,kif,4
ΚΗΧ,kich,4
ΚΗΨ,kips,4
ΚΙΒ,kiv,4
ΚΙΓ,kig,4
ΚΙΔ,kid,4
ΚΙΖ,kiz,4
ΚΙΘ,kith,4
ΚΙΚ,kik,4
ΚΙΛ,kil,4
ΚΙΜ,kim,4
ΚΙΝ,kin,4
ΚΙΞ,kix,4
ΚΙΠ,kip,4
ΚΙΡ,kir,4
ΚΙΣ,kis,4
ΚΙΤ,kit,4
ΚΙΦ,kif,4
ΚΙΧ,kich,4
ΚΙΨ,kips,4
ΚΟΒ,kov,4
ΚΟΓ,kog,4
ΚΟΔ,kod,4
ΚΟΖ,koz,4
ΚΟΘ,koth,4
ΚΟΚ,kok,4
ΚΟΛ,kol,4
ΚΟΜ,kom,4
ΚΟΝ,kon,4
ΚΟΞ,kox,4
ΚΟΠ,kop,4
ΚΟΡ,kor,4
ΚΟΣ,kos,4
ΚΟΤ,kot,4
ΚΟΦ,kof,4
ΚΟΧ,koch,4
ΚΟΨ,kops,4
ΚΥΒ,kyv,4
ΚΥΓ,kyg,4
ΚΥΔ,kyd,4
ΚΥΖ,kyz,4
ΚΥΘ,kyth,4
ΚΥΚ,kyk,4
ΚΥΛ,kyl,4
ΚΥΜ,kym,4
ΚΥΝ,kyn,4
ΚΥΞ,kyx,4
ΚΥΠ,kyp,4
ΚΥΡ,kyr,4
ΚΥΣ,kys,4
ΚΥΤ,kyt,4
ΚΥΦ,kyf,4
ΚΥΧ,kych,4
ΚΥΨ,kyps,4
ΚΩΒ,kov,4
ΚΩΓ,kog,4
ΚΩΔ,kod,4
ΚΩΖ,koz,4
ΚΩΘ,koth,4
ΚΩΚ,kok,4
ΚΩΛ,kol,4
ΚΩΜ,kom,4
ΚΩΝ,kon,4
ΚΩΞ,kox,4
ΚΩΠ,kop,4
ΚΩΡ,kor,4
ΚΩΣ,kos,4
ΚΩΤ,kot,4
ΚΩΦ,kof,4
ΚΩΧ,koch,4
ΚΩΨ,kops,4
ΛΑΒ,lav,4
ΛΑΓ,lag,4
ΛΑΔ,lad,4
ΛΑΖ,laz,4
ΛΑΘ,lath,4
ΛΑΚ,lak,4
ΛΑΛ,lal,4
ΛΑΜ,lam,4
ΛΑΝ,lan,4
ΛΑΞ,lax,4
ΛΑΠ,lap,4
ΛΑΡ,lar,4
ΛΑΣ,las,4
ΛΑΤ,lat,4
ΛΑΦ,laf,4
ΛΑΧ,lach,4
ΛΑΨ,laps,4
ΛΕΒ,lev,4
ΛΕΓ,leg,4
ΛΕΔ,led,4
ΛΕΖ,lez,4
ΛΕΘ,leth,4
ΛΕΚ,lek,4
ΛΕΛ,lel,4
ΛΕΜ,lem,4
ΛΕΝ,len,4
ΛΕΞ,lex,4
ΛΕΠ,lep,4
ΛΕΡ,ler,4
ΛΕΣ,les,4
ΛΕΤ,let,4
ΛΕΦ,lef,4
ΛΕΧ,lech,4
ΛΕΨ,leps,4
ΛΗΒ,liv,4
ΛΗΓ,lig,4
ΛΗΔ,lid,4
ΛΗΖ,liz,4
ΛΗΘ,lith,4
ΛΗΚ,lik,4
ΛΗΛ,lil,4
ΛΗΜ,lim,4
ΛΗΝ,lin,4
ΛΗΞ,lix,4
ΛΗΠ,lip,4
ΛΗΡ,lir,4
ΛΗΣ,lis,4
ΛΗΤ,lit,4
ΛΗΦ,lif,4
ΛΗΧ,lich,4
ΛΗΨ,lips,4
ΛΙΒ,liv,4
ΛΙΓ,lig,4
ΛΙΔ,lid,4
ΛΙΖ,liz,4
ΛΙΘ,lith,4
ΛΙΚ,lik,4
ΛΙΛ,lil,4
ΛΙΜ,lim,4
ΛΙΝ,lin,4
ΛΙΞ,lix,4
ΛΙΠ,lip,4
ΛΙΡ,lir,4
ΛΙΣ,lis,4
ΛΙΤ,lit,4
ΛΙΦ,lif,4
ΛΙΧ,lich,4
ΛΙΨ,lips,4
ΛΟΒ,lov,4
ΛΟΓ,log,4
ΛΟΔ,lod,4
ΛΟΖ,loz,4
ΛΟΘ,loth,4
ΛΟΚ,lok,4
ΛΟΛ,lol,4
ΛΟΜ,lom,4
ΛΟΝ,lon,4
ΛΟΞ,lox,4
ΛΟΠ,lop,4
ΛΟΡ,lor,4
ΛΟΣ,los,4
ΛΟΤ,lot,4
ΛΟΦ,lof,4
ΛΟΧ,loch,4
ΛΟΨ,lops,4
ΛΥΒ,lyv,4
ΛΥΓ,lyg,4
ΛΥΔ,lyd,4
ΛΥΖ,lyz,4
ΛΥΘ,lyth,4
ΛΥΚ,lyk,4
ΛΥΛ,lyl,4
ΛΥΜ,lym,4
ΛΥΝ,lyn,4
ΛΥΞ,lyx,4
ΛΥΠ,lyp,4
ΛΥΡ,lyr,4
ΛΥΣ,lys,4
ΛΥΤ,lyt,4
ΛΥΦ,lyf,4
ΛΥΧ,lych,4
ΛΥΨ,lyps,4
ΛΩΒ,lov,4
ΛΩΓ,log,4
ΛΩΔ,lod,4
ΛΩΖ,loz,4
ΛΩΘ,loth,4
ΛΩΚ,lok,4
ΛΩΛ,lol,4
ΛΩΜ,lom,4
ΛΩΝ,lon,4
ΛΩΞ,lox,4
ΛΩΠ,lop,4
ΛΩΡ,lor,4
ΛΩΣ,los,4
ΛΩΤ,lot,4
ΛΩΦ,lof,4
ΛΩΧ,loch,4
ΛΩΨ,lops,4
ΜΑΒ,mav,4
ΜΑΓ,mag,4
ΜΑΔ,mad,4
ΜΑΖ,maz,4
ΜΑΘ,math,4
ΜΑΚ,mak,4
ΜΑΛ,mal,4
ΜΑΜ,mam,4
ΜΑΝ,man,4
ΜΑΞ,max,4
ΜΑΠ,map,4
ΜΑΡ,mar,4
ΜΑΣ,mas,4
ΜΑΤ,mat,4
ΜΑΦ,maf,4
ΜΑΧ,mach,4
ΜΑΨ,maps,4
ΜΕΒ,mev,4
ΜΕΓ,meg,4
ΜΕΔ,med,4
ΜΕΖ,mez,4
ΜΕΘ,meth,4
ΜΕΚ,mek,4
ΜΕΛ,mel,4
ΜΕΜ,mem,4
ΜΕΝ,men,4
ΜΕΞ,mex,4
ΜΕΠ,mep,4
ΜΕΡ,mer,4
ΜΕΣ,mes,4
ΜΕΤ,met,4
ΜΕΦ,mef,4
ΜΕΧ,mech,4
ΜΕΨ,meps,4
ΜΗΒ,miv,4
ΜΗΓ,mig,4
ΜΗΔ,mid,4
ΜΗΖ,miz,4
ΜΗΘ,mith,4
ΜΗΚ,mik,4
ΜΗΛ,mil,4
ΜΗΜ,mim,4
ΜΗΝ,min,4
ΜΗΞ,mix,4
ΜΗΠ,mip,4
ΜΗΡ,mir,4
ΜΗΣ,mis,4
ΜΗΤ,mit,4
ΜΗΦ,mif,4
ΜΗΧ,mich,4
ΜΗΨ,mips,4
ΜΙΒ,miv,4
ΜΙΓ,mig,4
ΜΙΔ,mid,4
ΜΙΖ,miz,4
ΜΙΘ,mith,4
ΜΙΚ,mik,4
ΜΙΛ,mil,4
ΜΙΜ,mim,4
ΜΙΝ,min,4
ΜΙΞ,mix,4
ΜΙΠ,mip,4
ΜΙΡ,mir,4
ΜΙΣ,mis,4
ΜΙΤ,mit,4
ΜΙΦ,mif,4
ΜΙΧ,mich,4
ΜΙΨ,mips,4
ΜΟΒ,mov,4
ΜΟΓ,mog,4
ΜΟΔ,mod,4
ΜΟΖ,moz,4
ΜΟΘ,moth,4
ΜΟΚ,mok,4
ΜΟΛ,mol,4
ΜΟΜ,mom,4
ΜΟΝ,mon,4
ΜΟΞ,mox,4
ΜΟΠ,mop,4
ΜΟΡ,mor,4
ΜΟΣ,mos,4
ΜΟΤ,mot,4
ΜΟΦ,mof,4
ΜΟΧ,moch,4
ΜΟΨ,mops,4
ΜΥΒ,myv,4
ΜΥΓ,myg,4
ΜΥΔ,myd,4
ΜΥΖ,myz,4
ΜΥΘ,myth,4
ΜΥΚ,myk,4
ΜΥΛ,myl,4
ΜΥΜ,mym,4
ΜΥΝ,myn,4
ΜΥΞ,myx,4
ΜΥΠ,myp,4
ΜΥΡ,myr,4
ΜΥΣ,mys,4
ΜΥΤ,myt,4
ΜΥΦ,myf,4
ΜΥΧ,mych,4
ΜΥΨ,myps,4
ΜΩΒ,mov,4
ΜΩΓ,mog,4
ΜΩΔ,mod,4
ΜΩΖ,moz,4
ΜΩΘ,moth,4
ΜΩΚ,mok,4
ΜΩΛ,mol,4
ΜΩΜ,mom,4
ΜΩΝ,mon,4
ΜΩΞ,mox,4
ΜΩΠ,mop,4
ΜΩΡ,mor,4
ΜΩΣ,mos,4
ΜΩΤ,mot,4
ΜΩΦ,mof,4
ΜΩΧ,moch,4
ΜΩΨ,mops,4
ΝΑΒ,nav,4
ΝΑΓ,nag,4
ΝΑΔ,nad,4
ΝΑΖ,naz,4
ΝΑΘ,nath,4
ΝΑΚ,nak,4
ΝΑΛ,nal,4
ΝΑΜ,nam,4
ΝΑΝ,nan,4
ΝΑΞ,nax,4
ΝΑΠ,nap,4
ΝΑΡ,nar,4
ΝΑΣ,nas,4
ΝΑΤ,nat,4
ΝΑΦ,naf,4
ΝΑΧ,nach,4
ΝΑΨ,naps,4
ΝΕΒ,nev,4
ΝΕΓ,neg,4
ΝΕΔ,ned,4
ΝΕΖ,nez,4
ΝΕΘ,neth,4
ΝΕΚ,nek,4
ΝΕΛ,nel,4
ΝΕΜ,nem,4
ΝΕΝ,nen,4
ΝΕΞ,nex,4
ΝΕΠ,nep,4
ΝΕΡ,ner,4
ΝΕΣ,nes,4
ΝΕΤ,net,4
ΝΕΦ,nef,4
ΝΕΧ,nech,4
ΝΕΨ,neps,4
ΝΗΒ,niv,4
ΝΗΓ,nig,4
ΝΗΔ,nid,4
ΝΗΖ,niz,4
ΝΗΘ,nith,4
ΝΗΚ,nik,4
ΝΗΛ,nil,4
ΝΗΜ,nim,4
ΝΗΝ,nin,4
ΝΗΞ,nix,4
ΝΗΠ,nip,4
ΝΗΡ,nir,4
ΝΗΣ,nis,4
ΝΗΤ,nit,4
ΝΗΦ,nif,4
ΝΗΧ,nich,4
ΝΗΨ,nips,4
ΝΙΒ,niv,4
ΝΙΓ,nig,4
ΝΙΔ,nid,4
ΝΙΖ,niz,4
ΝΙΘ,nith,4
ΝΙΚ,nik,4
ΝΙΛ,nil,4
ΝΙΜ,nim,4
ΝΙΝ,nin,4
ΝΙΞ,nix,4
ΝΙΠ,nip,4
ΝΙΡ,nir,4
ΝΙΣ,nis,4
ΝΙΤ,nit,4
ΝΙΦ,nif,4
ΝΙΧ,nich,4
ΝΙΨ,nips,4
ΝΟΒ,nov,4
ΝΟΓ,nog,4
ΝΟΔ,nod,4
ΝΟΖ,noz,4
ΝΟΘ,noth,4
ΝΟΚ,nok,4
ΝΟΛ,nol,4
ΝΟΜ,nom,4
ΝΟΝ,non,4
ΝΟΞ,nox,4
ΝΟΠ,nop,4
ΝΟΡ,nor,4
ΝΟΣ,nos,4
ΝΟΤ,not,4
ΝΟΦ,nof,4
ΝΟΧ,noch,4
ΝΟΨ,nops,4
ΝΥΒ,nyv,4
ΝΥΓ,nyg,4
ΝΥΔ,nyd,4
ΝΥΖ,nyz,4
ΝΥΘ,nyth,4
ΝΥΚ,nyk,4
ΝΥΛ,nyl,4
ΝΥΜ,nym,4
ΝΥΝ,nyn,4
ΝΥΞ,nyx,4
ΝΥΠ,nyp,4
ΝΥΡ,nyr,4
ΝΥΣ,nys,4
ΝΥΤ,nyt,4
ΝΥΦ,nyf,4
ΝΥΧ,nych,4
ΝΥΨ,nyps,4
ΝΩΒ,nov,4
ΝΩΓ,nog,4
ΝΩΔ,nod,4
ΝΩΖ,noz,4
ΝΩΘ,noth,4
ΝΩΚ,nok,4
ΝΩΛ,nol,4
ΝΩΜ,nom,4
ΝΩΝ,non,4
ΝΩΞ,nox,4
ΝΩΠ,nop,4
ΝΩΡ,nor,4
ΝΩΣ,nos,4
ΝΩΤ,not,4
ΝΩΦ,nof,4
ΝΩΧ,noch,4
ΝΩΨ,nops,4
ΞΑΒ,xav,4
ΞΑΓ,xag,4
ΞΑΔ,xad,4
ΞΑΖ,xaz,4
ΞΑΘ,xath,4
ΞΑΚ,xak,4
ΞΑΛ,xal,4
ΞΑΜ,xam,4
ΞΑΝ,xan,4
ΞΑΞ,xax,4
ΞΑΠ,xap,4
ΞΑΡ,xar,4
ΞΑΣ,xas,4
ΞΑΤ,xat,4
ΞΑΦ,xaf,4
ΞΑΧ,xach,4
ΞΑΨ,xaps,4
ΞΕΒ,xev,4
ΞΕΓ,xeg,4
ΞΕΔ,xed,4
ΞΕΖ,xez,4
ΞΕΘ,xeth,4
ΞΕΚ,xek,4
ΞΕΛ,xel,4
ΞΕΜ,xem,4
ΞΕΝ,xen,4
ΞΕΞ,xex,4
ΞΕΠ,xep,4
ΞΕΡ,xer,4
ΞΕΣ,xes,4
ΞΕΤ,xet,4
ΞΕΦ,xef,4
ΞΕΧ,xech,4
ΞΕΨ,xeps,4
ΞΗΒ,xiv,4
ΞΗΓ,xig,4
ΞΗΔ,xid,4
ΞΗΖ,xiz,4
ΞΗΘ,xith,4
ΞΗΚ,xik,4
ΞΗΛ,xil,4
ΞΗΜ,xim,4
ΞΗΝ,xin,4
ΞΗΞ,xix,4
ΞΗΠ,xip,4
ΞΗΡ,xir,4
ΞΗΣ,xis,4
ΞΗΤ,xit,4
ΞΗΦ,xif,4
ΞΗΧ,xich,4
ΞΗΨ,xips,4
ΞΙΒ,xiv,4
ΞΙΓ,xig,4
ΞΙΔ,xid,4
ΞΙΖ,xiz,4
ΞΙΘ,xith,4
ΞΙΚ,xik,4
ΞΙΛ,xil,4
ΞΙΜ,xim,4
ΞΙΝ,xin,4
ΞΙΞ,xix,4
ΞΙΠ,xip,4
ΞΙΡ,xir,4
ΞΙΣ,xis,4
ΞΙΤ,xit,4
ΞΙΦ,xif,4
ΞΙΧ,xich,4
ΞΙΨ,xips,4
ΞΟΒ,xov,4
ΞΟΓ,xog,4
ΞΟΔ,xod,4
ΞΟΖ,xoz,4
ΞΟΘ,xoth,4
ΞΟΚ,xok,4
ΞΟΛ,xol,4
ΞΟΜ,xom,4
ΞΟΝ,xon,4
ΞΟΞ,xox,4
ΞΟΠ,xop,4
ΞΟΡ,xor,4
ΞΟΣ,xos,4
ΞΟΤ,xot,4
ΞΟΦ,xof,4
ΞΟΧ,xoch,4
ΞΟΨ,xops,4
ΞΥΒ,xyv,4
ΞΥΓ,xyg,4
ΞΥΔ,xyd,4
ΞΥΖ,xyz,4
ΞΥΘ,xyth,4
ΞΥΚ,xyk,4
ΞΥΛ,xyl,4
ΞΥΜ,xym,4
ΞΥΝ,xyn,4
ΞΥΞ,xyx,4
ΞΥΠ,xyp,4
ΞΥΡ,xyr,4
ΞΥΣ,xys,4
ΞΥΤ,xyt,4
ΞΥΦ,xyf,4
ΞΥΧ,xych,4
ΞΥΨ,xyps,4
ΞΩΒ,xov,4
ΞΩΓ,xog,4
ΞΩΔ,xod,4
ΞΩΖ,xoz,4
ΞΩΘ,xoth,4
ΞΩΚ,xok,4
ΞΩΛ,xol,4
ΞΩΜ,xom,4
ΞΩΝ,xon,4
ΞΩΞ,xox,4
ΞΩΠ,xop,4
ΞΩΡ,xor,4
ΞΩΣ,xos,4
ΞΩΤ,xot,4
ΞΩΦ,xof,4
ΞΩΧ,xoch,4
ΞΩΨ,xops,4
ΠΑΒ,pav,4
ΠΑΓ,pag,4
ΠΑΔ,pad,4
ΠΑΖ,paz,4
ΠΑΘ,path,4
ΠΑΚ,pak,4
ΠΑΛ,pal,4
ΠΑΜ,pam,4
ΠΑΝ,pan,4
ΠΑΞ,pax,4
ΠΑΠ,pap,4
ΠΑΡ,par,4
ΠΑΣ,pas,4
ΠΑΤ,pat,4
ΠΑΦ,paf,4
ΠΑΧ,pach,4
ΠΑΨ,paps,4
ΠΕΒ,pev,4
ΠΕΓ,peg,4
ΠΕΔ,ped,4
ΠΕΖ,pez,4
ΠΕΘ,peth,4
ΠΕΚ,pek,4
ΠΕΛ,pel,4
ΠΕΜ,pem,4
ΠΕΝ,pen,4
ΠΕΞ,pex,4
ΠΕΠ,pep,4
ΠΕΡ,per,4
ΠΕΣ,pes,4
ΠΕΤ,pet,4
ΠΕΦ,pef,4
ΠΕΧ,pech,4
ΠΕΨ,peps,4
ΠΗΒ,piv,4
ΠΗΓ,pig,4
ΠΗΔ,pid,4
ΠΗΖ,piz,4
ΠΗΘ,pith,4
ΠΗΚ,pik,4
ΠΗΛ,pil,4
ΠΗΜ,pim,4
ΠΗΝ,pin,4
ΠΗΞ,pix,4
ΠΗΠ,pip,4
ΠΗΡ,pir,4
ΠΗΣ,pis,4
ΠΗΤ,pit,4
ΠΗΦ,pif,4
ΠΗΧ,pich,4
ΠΗΨ,pips,4
ΠΙΒ,piv,4
ΠΙΓ,pig,4
ΠΙΔ,pid,4
ΠΙΖ,piz,4
ΠΙΘ,pith,4
ΠΙΚ,pik,4
ΠΙΛ,pil,4
ΠΙΜ,pim,4
ΠΙΝ,pin,4
ΠΙΞ,pix,4
ΠΙΠ,pip,4
ΠΙΡ,pir,4
ΠΙΣ,pis,4
ΠΙΤ,pit,4
ΠΙΦ,pif,4
ΠΙΧ,pich,4
ΠΙΨ,pips,4
ΠΟΒ,pov,4
ΠΟΓ,pog,4
ΠΟΔ,pod,4
ΠΟΖ,poz,4
ΠΟΘ,poth,4
ΠΟΚ,pok,4
ΠΟΛ,pol,4
ΠΟΜ,pom,4
ΠΟΝ,pon,4
ΠΟΞ,pox,4
ΠΟΠ,pop,4
ΠΟΡ,por,4
ΠΟΣ,pos,4
ΠΟΤ,pot,4
ΠΟΦ,pof,4
ΠΟΧ,poch,4
ΠΟΨ,pops,4
ΠΥΒ,pyv,4
ΠΥΓ,pyg,4
ΠΥΔ,pyd,4
ΠΥΖ,pyz,4
ΠΥΘ,pyth,4
ΠΥΚ,pyk,4
ΠΥΛ,pyl,4
ΠΥΜ,pym,4
ΠΥΝ,pyn,4
ΠΥΞ,pyx,4
ΠΥΠ,pyp,4
ΠΥΡ,pyr,4
ΠΥΣ,pys,4
ΠΥΤ,pyt,4
ΠΥΦ,pyf,4
ΠΥΧ,pych,4
ΠΥΨ,pyps,4
ΠΩΒ,pov,4
ΠΩΓ,pog,4
ΠΩΔ,pod,4
ΠΩΖ,poz,4
ΠΩΘ,poth,4
ΠΩΚ,pok,4
ΠΩΛ,pol,4
ΠΩΜ,pom,4
ΠΩΝ,pon,4
ΠΩΞ,pox,4
ΠΩΠ,pop,4
ΠΩΡ,por,4
ΠΩΣ,pos,4
ΠΩΤ,pot,4
ΠΩΦ,pof,4
ΠΩΧ,poch,4
ΠΩΨ,pops,4
ΡΑΒ,rav,4
ΡΑΓ,rag,4
ΡΑΔ,rad,4
ΡΑΖ,raz,4
ΡΑΘ,rath,4
ΡΑΚ,rak,4
ΡΑΛ,ral,4
ΡΑΜ,ram,4
ΡΑΝ,ran,4
ΡΑΞ,rax,4
ΡΑΠ,rap,4
ΡΑΡ,rar,4
ΡΑΣ,ras,4
ΡΑΤ,rat,4
ΡΑΦ,raf,4
ΡΑΧ,rach,4
ΡΑΨ,raps,4
ΡΕΒ,rev,4
ΡΕΓ,reg,4
ΡΕΔ,red,4
ΡΕΖ,rez,4
ΡΕΘ,reth,4
ΡΕΚ,rek,4
ΡΕΛ,rel,4
ΡΕΜ,rem,4
ΡΕΝ,ren,4
ΡΕΞ,rex,4
ΡΕΠ,rep,4
ΡΕΡ,rer,4
ΡΕΣ,res,4
ΡΕΤ,ret,4
ΡΕΦ,ref,4
ΡΕΧ,rech,4
ΡΕΨ,reps,4
ΡΗΒ,riv,4
ΡΗΓ,rig,4
ΡΗΔ,rid,4
ΡΗΖ,riz,4
ΡΗΘ,rith,4
ΡΗΚ,rik,4
ΡΗΛ,ril,4
ΡΗΜ,rim,4
ΡΗΝ,rin,4
ΡΗΞ,rix,4
ΡΗΠ,rip,4
ΡΗΡ,rir,4
ΡΗΣ,ris,4
ΡΗΤ,rit,4
ΡΗΦ,rif,4
ΡΗΧ,rich,4
ΡΗΨ,rips,4
ΡΙΒ,riv,4
ΡΙΓ,rig,4
ΡΙΔ,rid,4
ΡΙΖ,riz,4
ΡΙΘ,rith,4
ΡΙΚ,rik,4
ΡΙΛ,ril,4
ΡΙΜ,rim,4
ΡΙΝ,rin,4
ΡΙΞ,rix,4
ΡΙΠ,rip,4
ΡΙΡ,rir,4
ΡΙΣ,ris,4
ΡΙΤ,rit,4
ΡΙΦ,rif,4
ΡΙΧ,rich,4
ΡΙΨ,rips,4
ΡΟΒ,rov,4
ΡΟΓ,rog,4
ΡΟΔ,rod,4
ΡΟΖ,roz,4
ΡΟΘ,roth,4
ΡΟΚ,rok,4
ΡΟΛ,rol,4
ΡΟΜ,rom,4
ΡΟΝ,ron,4
ΡΟΞ,rox,4
ΡΟΠ,rop,4
ΡΟΡ,ror,4
ΡΟΣ,ros,4
ΡΟΤ,rot,4
ΡΟΦ,rof,4
ΡΟΧ,roch,4
ΡΟΨ,rops,4
ΡΥΒ,ryv,4
ΡΥΓ,ryg,4
ΡΥΔ,ryd,4
ΡΥΖ,ryz,4
ΡΥΘ,ryth,4
ΡΥΚ,ryk,4
ΡΥΛ,ryl,4
ΡΥΜ,rym,4
ΡΥΝ,ryn,4
ΡΥΞ,ryx,4
ΡΥΠ,ryp,4
ΡΥΡ,ryr,4
ΡΥΣ,rys,4
ΡΥΤ,ryt,4
ΡΥΦ,ryf,4
ΡΥΧ,rych,4
ΡΥΨ,ryps,4
ΡΩΒ,rov,4
ΡΩΓ,rog,4
ΡΩΔ,rod,4
ΡΩΖ,roz,4
ΡΩΘ,roth,4
ΡΩΚ,rok,4
ΡΩΛ,rol,4
ΡΩΜ,rom,4
ΡΩΝ,ron,4
ΡΩΞ,rox,4
ΡΩΠ,rop,4
ΡΩΡ,ror,4
ΡΩΣ,ros,4
ΡΩΤ,rot,4
ΡΩΦ,rof,4
ΡΩΧ,roch,4
ΡΩΨ,rops,4
ΣΑΒ,sav,4
ΣΑΓ,sag,4
ΣΑΔ,sad,4
ΣΑΖ,saz,4
ΣΑΘ,sath,4
ΣΑΚ,sak,4
ΣΑΛ,sal,4
ΣΑΜ,sam,4
ΣΑΝ,san,4
ΣΑΞ,sax,4
ΣΑΠ,sap,4
ΣΑΡ,sar,4
ΣΑΣ,sas,4
ΣΑΤ,sat,4
ΣΑΦ,saf,4
ΣΑΧ,sach,4
ΣΑΨ,saps,4
ΣΕΒ,sev,4
ΣΕΓ,seg,4
ΣΕΔ,sed,4
ΣΕΖ,sez,4
ΣΕΘ,seth,4
ΣΕΚ,sek,4
ΣΕΛ,sel,4
ΣΕΜ,sem,4
ΣΕΝ,sen,4
ΣΕΞ,sex,4
ΣΕΠ,sep,4
ΣΕΡ,ser,4
ΣΕΣ,ses,4
ΣΕΤ,set,4
ΣΕΦ,sef,4
ΣΕΧ,sech,4
ΣΕΨ,seps,4
ΣΗΒ,siv,4
ΣΗΓ,sig,4
ΣΗΔ,sid,4
ΣΗΖ,siz,4
ΣΗΘ,sith,4
ΣΗΚ,sik,4
ΣΗΛ,sil,4
ΣΗΜ,sim,4
ΣΗΝ,sin,4
ΣΗΞ,six,4
ΣΗΠ,sip,4
ΣΗΡ,sir,4
ΣΗΣ,sis,4
ΣΗΤ,sit,4
ΣΗΦ,sif,4
ΣΗΧ,sich,4
ΣΗΨ,sips,4
ΣΙΒ,siv,4
ΣΙΓ,sig,4
ΣΙΔ,sid,4
ΣΙΖ,siz,4
ΣΙΘ,sith,4
ΣΙΚ,sik,4
ΣΙΛ,sil,4
ΣΙΜ,sim,4
ΣΙΝ,sin,4
ΣΙΞ,six,4
ΣΙΠ,sip,4
ΣΙΡ,sir,4
ΣΙΣ,sis,4
ΣΙΤ,sit,4
ΣΙΦ,sif,4
ΣΙΧ,sich,4
ΣΙΨ,sips,4
ΣΟΒ,sov,4
ΣΟΓ,sog,4
ΣΟΔ,sod,4
ΣΟΖ,soz,4
ΣΟΘ,soth,4
ΣΟΚ,sok,4
ΣΟΛ,sol,4
ΣΟΜ,som,4
ΣΟΝ,son,4
ΣΟΞ,sox,4
ΣΟΠ,sop,4
ΣΟΡ,sor,4
ΣΟΣ,sos,4
ΣΟΤ,sot,4
ΣΟΦ,sof,4
ΣΟΧ,soch,4
ΣΟΨ,sops,4
ΣΥΒ,syv,4
ΣΥΓ,syg,4
ΣΥΔ,syd,4
ΣΥΖ,syz,4
ΣΥΘ,syth,4
ΣΥΚ,syk,4
ΣΥΛ,syl,4
ΣΥΜ,sym,4
ΣΥΝ,syn,4
ΣΥΞ,syx,4
ΣΥΠ,syp,4
ΣΥΡ,syr,4
ΣΥΣ,sys,4
ΣΥΤ,syt,4
ΣΥΦ,syf,4
ΣΥΧ,sych,4
ΣΥΨ,syps,4
ΣΩΒ,sov,4
ΣΩΓ,sog,4
ΣΩΔ,sod,4
ΣΩΖ,soz,4
ΣΩΘ,soth,4
ΣΩΚ,sok,4
ΣΩΛ,sol,4
ΣΩΜ,som,4
ΣΩΝ,son,4
ΣΩΞ,sox,4
ΣΩΠ,sop,4
ΣΩΡ,sor,4
ΣΩΣ,sos,4
ΣΩΤ,sot,4
ΣΩΦ,sof,4
ΣΩΧ,soch,4
ΣΩΨ,sops,4
ΤΑΒ,tav,4
ΤΑΓ,tag,4
ΤΑΔ,tad,4
ΤΑΖ,taz,4
ΤΑΘ,tath,4
ΤΑΚ,tak,4
ΤΑΛ,tal,4
ΤΑΜ,tam,4
ΤΑΝ,tan,4
ΤΑΞ,tax,4
ΤΑΠ,tap,4
ΤΑΡ,tar,4
ΤΑΣ,tas,4
ΤΑΤ,tat,4
ΤΑΦ,taf,4
ΤΑΧ,tach,4
ΤΑΨ,taps,4
ΤΕΒ,tev,4
ΤΕΓ,teg,4
ΤΕΔ,ted,4
ΤΕΖ,tez,4
ΤΕΘ,teth,4
ΤΕΚ,tek,4
ΤΕΛ,tel,4
ΤΕΜ,tem,4
ΤΕΝ,ten,4
ΤΕΞ,tex,4
ΤΕΠ,tep,4
ΤΕΡ,ter,4
ΤΕΣ,tes,4
ΤΕΤ,tet,4
ΤΕΦ,tef,4
ΤΕΧ,tech,4
ΤΕΨ,teps,4
ΤΗΒ,tiv,4
ΤΗΓ,tig,4
ΤΗΔ,tid,4
ΤΗΖ,tiz,4
ΤΗΘ,tith,4
ΤΗΚ,tik,4
ΤΗΛ,til,4
ΤΗΜ,tim,4
ΤΗΝ,tin,4
ΤΗΞ,tix,4
ΤΗΠ,tip,4
ΤΗΡ,tir,4
ΤΗΣ,tis,4
ΤΗΤ,tit,4
ΤΗΦ,tif,4
ΤΗΧ,tich,4
ΤΗΨ,tips,4
ΤΙΒ,tiv,4
ΤΙΓ,tig,4
ΤΙΔ,tid,4
ΤΙΖ,tiz,4
ΤΙΘ,tith,4
ΤΙΚ,tik,4
ΤΙΛ,til,4
ΤΙΜ,tim,4
ΤΙΝ,tin,4
ΤΙΞ,tix,4
ΤΙΠ,tip,4
ΤΙΡ,tir,4
ΤΙΣ,tis,4
ΤΙΤ,tit,4
ΤΙΦ,tif,4
ΤΙΧ,tich,4
ΤΙΨ,tips,4
ΤΟΒ,tov,4
ΤΟΓ,tog,4
ΤΟΔ,tod,4
ΤΟΖ,toz,4
ΤΟΘ,toth,4
ΤΟΚ,tok,4
ΤΟΛ,tol,4
ΤΟΜ,tom,4
ΤΟΝ,ton,4
ΤΟΞ,tox,4
ΤΟΠ,top,4
ΤΟΡ,tor,4
ΤΟΣ,tos,4
ΤΟΤ,tot,4
ΤΟΦ,tof,4
ΤΟΧ,toch,4
ΤΟΨ,tops,4
ΤΥΒ,tyv,4
ΤΥΓ,tyg,4
ΤΥΔ,tyd,4
ΤΥΖ,tyz,4
ΤΥΘ,tyth,4
ΤΥΚ,tyk,4
ΤΥΛ,tyl,4
ΤΥΜ,tym,4
ΤΥΝ,tyn,4
ΤΥΞ,tyx,4
ΤΥΠ,typ,4
ΤΥΡ,tyr,4
ΤΥΣ,tys,4
ΤΥΤ,tyt,4
ΤΥΦ,tyf,4
ΤΥΧ,tych,4
ΤΥΨ,typs,4
ΤΩΒ,tov,4
ΤΩΓ,tog,4
ΤΩΔ,tod,4
ΤΩΖ,toz,4
ΤΩΘ,toth,4
ΤΩΚ,tok,4
ΤΩΛ,tol,4
ΤΩΜ,tom,4
ΤΩΝ,ton,4
ΤΩΞ,tox,4
ΤΩΠ,top,4
ΤΩΡ,tor,4
ΤΩΣ,tos,4
ΤΩΤ,tot,4
ΤΩΦ,tof,4
ΤΩΧ,toch,4
ΤΩΨ,tops,4
ΦΑΒ,fav,4
ΦΑΓ,fag,4
ΦΑΔ,fad,4
ΦΑΖ,faz,4
ΦΑΘ,fath,4
ΦΑΚ,fak,4
ΦΑΛ,fal,4
ΦΑΜ,fam,4
ΦΑΝ,fan,4
ΦΑΞ,fax,4
ΦΑΠ,fap,4
ΦΑΡ,far,4
ΦΑΣ,fas,4
ΦΑΤ,fat,4
ΦΑΦ,faf,4
ΦΑΧ,fach,4
ΦΑΨ,faps,4
ΦΕΒ,fev,4
ΦΕΓ,feg,4
ΦΕΔ,fed,4
ΦΕΖ,fez,4
ΦΕΘ,feth,4
ΦΕΚ,fek,4
ΦΕΛ,fel,4
ΦΕΜ,fem,4
ΦΕΝ,fen,4
ΦΕΞ,fex,4
ΦΕΠ,fep,4
ΦΕΡ,fer,4
ΦΕΣ,fes,4
ΦΕΤ,fet,4
ΦΕΦ,fef,4
ΦΕΧ,fech,4
ΦΕΨ,feps,4
ΦΗΒ,fiv,4
ΦΗΓ,fig,4
ΦΗΔ,fid,4
ΦΗΖ,fiz,4
ΦΗΘ,fith,4
ΦΗΚ,fik,4
ΦΗΛ,fil,4
ΦΗΜ,fim,4
ΦΗΝ,fin,4
ΦΗΞ,fix,4
ΦΗΠ,fip,4
ΦΗΡ,fir,4
ΦΗΣ,fis,4
ΦΗΤ,fit,4
ΦΗΦ,fif,4
ΦΗΧ,fich,4
ΦΗΨ,fips,4
ΦΙΒ,fiv,4
ΦΙΓ,fig,4
ΦΙΔ,fid,4
ΦΙΖ,fiz,4
ΦΙΘ,fith,4
ΦΙΚ,fik,4
ΦΙΛ,fil,4
ΦΙΜ,fim,4
ΦΙΝ,fin,4
ΦΙΞ,fix,4
ΦΙΠ,fip,4
ΦΙΡ,fir,4
ΦΙΣ,fis,4
ΦΙΤ,fit,4
ΦΙΦ,fif,4
ΦΙΧ,fich,4
ΦΙΨ,fips,4
ΦΟΒ,fov,4
ΦΟΓ,fog,4
ΦΟΔ,fod,4
ΦΟΖ,foz,4
ΦΟΘ,foth,4
ΦΟΚ,fok,4
ΦΟΛ,fol,4
ΦΟΜ,fom,4
ΦΟΝ,fon,4
ΦΟΞ,fox,4
ΦΟΠ,fop,4
ΦΟΡ,for,4
ΦΟΣ,fos,4
ΦΟΤ,fot,4
ΦΟΦ,fof,4
ΦΟΧ,foch,4
ΦΟΨ,fops,4
ΦΥΒ,fyv,4
ΦΥΓ,fyg,4
ΦΥΔ,fyd,4
ΦΥΖ,fyz,4
ΦΥΘ,fyth,4
ΦΥΚ,fyk,4
ΦΥΛ,fyl,4
ΦΥΜ,fym,4
ΦΥΝ,fyn,4
ΦΥΞ,fyx,4
ΦΥΠ,fyp,4
ΦΥΡ,fyr,4
ΦΥΣ,fys,4
ΦΥΤ,fyt,4
ΦΥΦ,fyf,4
ΦΥΧ,fych,4
ΦΥΨ,fyps,4
ΦΩΒ,fov,4
ΦΩΓ,fog,4
ΦΩΔ,fod,4
ΦΩΖ,foz,4
ΦΩΘ,foth,4
ΦΩΚ,fok,4
ΦΩΛ,fol,4
ΦΩΜ,fom,4
ΦΩΝ,fon,4
ΦΩΞ,fox,4
ΦΩΠ,fop,4
ΦΩΡ,for,4
ΦΩΣ,fos,4
ΦΩΤ,fot,4
ΦΩΦ,fof,4
ΦΩΧ,foch,4
ΦΩΨ,fops,4
ΧΑΒ,chav,4
ΧΑΓ,chag,4
ΧΑΔ,chad,4
ΧΑΖ,chaz,4
ΧΑΘ,chath,4
ΧΑΚ,chak,4
ΧΑΛ,chal,4
ΧΑΜ,cham,4
ΧΑΝ,chan,4
ΧΑΞ,chax,4
ΧΑΠ,chap,4
ΧΑΡ,char,4
ΧΑΣ,chas,4
ΧΑΤ,chat,4
ΧΑΦ,chaf,4
ΧΑΧ,chach,4
ΧΑΨ,chaps,4
ΧΕΒ,chev,4
ΧΕΓ,cheg,4
ΧΕΔ,ched,4
ΧΕΖ,chez,4
ΧΕΘ,cheth,4
ΧΕΚ,chek,4
ΧΕΛ,chel,4
ΧΕΜ,chem,4
ΧΕΝ,chen,4
ΧΕΞ,chex,4
ΧΕΠ,chep,4
ΧΕΡ,cher,4
ΧΕΣ,ches,4
ΧΕΤ,chet,4
ΧΕΦ,chef,4
ΧΕΧ,chech,4
ΧΕΨ,cheps,4
ΧΗΒ,chiv,4
ΧΗΓ,chig,4
ΧΗΔ,chid,4
ΧΗΖ,chiz,4
ΧΗΘ,chith,4
ΧΗΚ,chik,4
ΧΗΛ,chil,4
ΧΗΜ,chim,4
ΧΗΝ,chin,4
ΧΗΞ,chix,4
ΧΗΠ,chip,4
ΧΗΡ,chir,4
ΧΗΣ,chis,4
ΧΗΤ,chit,4
ΧΗΦ,chif,4
ΧΗΧ,chich,4
ΧΗΨ,chips,4
ΧΙΒ,chiv,4
ΧΙΓ,chig,4
ΧΙΔ,chid,4
ΧΙΖ,chiz,4
ΧΙΘ,chith,4
ΧΙΚ,chik,4
ΧΙΛ,chil,4
ΧΙΜ,chim,4
ΧΙΝ,chin,4
ΧΙΞ,chix,4
ΧΙΠ,chip,4
ΧΙΡ,chir,4
ΧΙΣ,chis,4
ΧΙΤ,chit,4
ΧΙΦ,chif,4
ΧΙΧ,chich,4
ΧΙΨ,chips,4
ΧΟΒ,chov,4
ΧΟΓ,chog,4
ΧΟΔ,chod,4
ΧΟΖ,choz,4
ΧΟΘ,choth,4
ΧΟΚ,chok,4
ΧΟΛ,chol,4
ΧΟΜ,chom,4
ΧΟΝ,chon,4
ΧΟΞ,chox,4
ΧΟΠ,chop,4
ΧΟΡ,chor,4
ΧΟΣ,chos,4
ΧΟΤ,chot,4
ΧΟΦ,chof,4
ΧΟΧ,choch,4
ΧΟΨ,chops,4
ΧΥΒ,chyv,4
ΧΥΓ,chyg,4
ΧΥΔ,chyd,4
ΧΥΖ,chyz,4
ΧΥΘ,chyth,4
ΧΥΚ,chyk,4
ΧΥΛ,chyl,4
ΧΥΜ,chym,4
ΧΥΝ,chyn,4
ΧΥΞ,chyx,4
ΧΥΠ,chyp,4
ΧΥΡ,chyr,4
ΧΥΣ,chys,4
ΧΥΤ,chyt,4
ΧΥΦ,chyf,4
ΧΥΧ,chych,4
ΧΥΨ,chyps,4
ΧΩΒ,chov,4
ΧΩΓ,chog,4
ΧΩΔ,chod,4
ΧΩΖ,choz,4
ΧΩΘ,choth,4
ΧΩΚ,chok,4
ΧΩΛ,chol,4
ΧΩΜ,chom,4
ΧΩΝ,chon,4
ΧΩΞ,chox,4
ΧΩΠ,chop,4
ΧΩΡ,chor,4
ΧΩΣ,chos,4
ΧΩΤ,chot,4
ΧΩΦ,chof,4
ΧΩΧ,choch,4
ΧΩΨ,chops,4
ΨΑΒ,psav,4
ΨΑΓ,psag,4
ΨΑΔ,psad,4
ΨΑΖ,psaz,4
ΨΑΘ,psath,4
ΨΑΚ,psak,4
ΨΑΛ,psal,4
ΨΑΜ,psam,4
ΨΑΝ,psan,4
ΨΑΞ,psax,4
ΨΑΠ,psap,4
ΨΑΡ,psar,4
ΨΑΣ,psas,4
ΨΑΤ,psat,4
ΨΑΦ,psaf,4
ΨΑΧ,psach,4
ΨΑΨ,psaps,4
ΨΕΒ,psev,4
ΨΕΓ,pseg,4
ΨΕΔ,psed,4
ΨΕΖ,psez,4
ΨΕΘ,pseth,4
ΨΕΚ,psek,4
ΨΕΛ,psel,4
ΨΕΜ,psem,4
ΨΕΝ,psen,4
ΨΕΞ,psex,4
ΨΕΠ,psep,4
ΨΕΡ,pser,4
ΨΕΣ,pses,4
ΨΕΤ,pset,4
ΨΕΦ,psef,4
ΨΕΧ,psech,4
ΨΕΨ,pseps,4
ΨΗΒ,psiv,4
ΨΗΓ,psig,4
ΨΗΔ,psid,4
ΨΗΖ,psiz,4
ΨΗΘ,psith,4
ΨΗΚ,psik,4
ΨΗΛ,psil,4
ΨΗΜ,psim,4
ΨΗΝ,psin,4
ΨΗΞ,psix,4
ΨΗΠ,psip,4
ΨΗΡ,psir,4
ΨΗΣ,psis,4
ΨΗΤ,psit,4
ΨΗΦ,psif,4
ΨΗΧ,psich,4
ΨΗΨ,psips,4
ΨΙΒ,psiv,4
ΨΙΓ,psig,4
ΨΙΔ,psid,4
ΨΙΖ,psiz,4
ΨΙΘ,psith,4
ΨΙΚ,psik,4
ΨΙΛ,psil,4
ΨΙΜ,psim,4
ΨΙΝ,psin,4
ΨΙΞ,psix,4
ΨΙΠ,psip,4
ΨΙΡ,psir,4
ΨΙΣ,psis,4
ΨΙΤ,psit,4
ΨΙΦ,psif,4
ΨΙΧ,psich,4
ΨΙΨ,psips,4
ΨΟΒ,psov,4
ΨΟΓ,psog,4
ΨΟΔ,psod,4
ΨΟΖ,psoz,4
ΨΟΘ,psoth,4
ΨΟΚ,psok,4
ΨΟΛ,psol,4
ΨΟΜ,psom,4
ΨΟΝ,pson,4
ΨΟΞ,psox,4
ΨΟΠ,psop,4
ΨΟΡ,psor,4
ΨΟΣ,psos,4
ΨΟΤ,psot,4
ΨΟΦ,psof,4
ΨΟΧ,psoch,4
ΨΟΨ,psops,4
ΨΥΒ,psyv,4
ΨΥΓ,psyg,4
ΨΥΔ,psyd,4
ΨΥΖ,psyz,4
ΨΥΘ,psyth,4
ΨΥΚ,psyk,4
ΨΥΛ,psyl,4
ΨΥΜ,psym,4
ΨΥΝ,psyn,4
ΨΥΞ,psyx,4
ΨΥΠ,psyp,4
ΨΥΡ,psyr,4
ΨΥΣ,psys,4
ΨΥΤ,psyt,4
ΨΥΦ,psyf,4
ΨΥΧ,psych,4
ΨΥΨ,psyps,4
ΨΩΒ,psov,4
ΨΩΓ,psog,4
ΨΩΔ,psod,4
ΨΩΖ,psoz,4
ΨΩΘ,psoth,4
ΨΩΚ,psok,4
ΨΩΛ,psol,4
ΨΩΜ,psom,4
ΨΩΝ,pson,4
ΨΩΞ,psox,4
ΨΩΠ,psop,4
ΨΩΡ,psor,4
ΨΩΣ,psos,4
ΨΩΤ,psot,4
ΨΩΦ,psof,4
ΨΩΧ,psoch,4
ΨΩΨ,psops,4
