cyrillic,romanized,type
А,a,1
Е,e,1
Є,ye,1
И,i,1
І,i,1
Ї,yi,1
О,o,1
У,u,1
Ю,yu,1
Я,ya,1
АБ,ab,2
АВ,av,2
АГ,ah,2
АД,ad,2
АЖ,azh,2
АЗ,az,2
АЙ,ay,2
АК,ak,2
АЛ,al,2
АМ,am,2
АН,an,2
АП,ap,2
АР,ar,2
АС,as,2
АТ,at,2
АФ,af,2
АХ,akh,2
АЦ,ats,2
АЧ,ach,2
АШ,ash,2
АЩ,ashch,2
ЕБ,eb,2
ЕВ,ev,2
ЕГ,eh,2
ЕД,ed,2
ЕЖ,ezh,2
ЕЗ,ez,2
ЕЙ,ey,2
ЕК,ek,2
ЕЛ,el,2
ЕМ,em,2
ЕН,en,2
ЕП,ep,2
ЕР,er,2
ЕС,es,2
ЕТ,et,2
ЕФ,ef,2
ЕХ,ekh,2
ЕЦ,ets,2
ЕЧ,ech,2
ЕШ,esh,2
ЕЩ,eshch,2
ЄБ,yeb,2
ЄВ,yev,2
ЄГ,yeh,2
ЄД,yed,2
ЄЖ,yezh,2
ЄЗ,yez,2
ЄЙ,yey,2
ЄК,yek,2
ЄЛ,yel,2
ЄМ,yem,2
ЄН,yen,2
ЄП,yep,2
ЄР,yer,2
ЄС,yes,2
ЄТ,yet,2
ЄФ,yef,2
ЄХ,yekh,2
ЄЦ,yets,2
ЄЧ,yech,2
ЄШ,yesh,2
ЄЩ,yeshch,2
ИБ,ib,2
ИВ,iv,2
ИГ,ih,2
ИД,id,2
ИЖ,izh,2
ИЗ,iz,2
ИЙ,iy,2
ИК,ik,2
ИЛ,il,2
ИМ,im,2
ИН,in,2
ИП,ip,2
ИР,ir,2
ИС,is,2
ИТ,it,2
ИФ,if,2
ИХ,ikh,2
ИЦ,its,2
ИЧ,ich,2
ИШ,ish,2
ИЩ,ishch,2
ІБ,ib,2
ІВ,iv,2
ІГ,ih,2
ІД,id,2
ІЖ,izh,2
ІЗ,iz,2
ІЙ,iy,2
ІК,ik,2
ІЛ,il,2
ІМ,im,2
ІН,in,2
ІП,ip,2
ІР,ir,2
ІС,is,2
ІТ,it,2
ІФ,if,2
ІХ,ikh,2
ІЦ,its,2
ІЧ,ich,2
ІШ,ish,2
ІЩ,ishch,2
ЇБ,yib,2
ЇВ,yiv,2
ЇГ,yih,2
ЇД,yid,2
ЇЖ,yizh,2
ЇЗ,yiz,2
ЇЙ,yiy,2
ЇК,yik,2
ЇЛ,yil,2
ЇМ,yim,2
ЇН,yin,2
ЇП,yip,2
ЇР,yir,2
ЇС,yis,2
ЇТ,yit,2
ЇФ,yif,2
ЇХ,yikh,2
ЇЦ,yits,2
ЇЧ,yich,2
ЇШ,yish,2
ЇЩ,yishch,2
ОБ,ob,2
ОВ,ov,2
ОГ,oh,2
ОД,od,2
ОЖ,ozh,2
ОЗ,oz,2
ОЙ,oy,2
ОК,ok,2
ОЛ,ol,2
ОМ,om,2
ОН,on,2
ОП,op,2
ОР,or,2
ОС,os,2
ОТ,ot,2
ОФ,of,2
ОХ,okh,2
ОЦ,ots,2
ОЧ,och,2
ОШ,osh,2
ОЩ,oshch,2
УБ,ub,2
УВ,uv,2
УГ,uh,2
УД,ud,2
УЖ,uzh,2
УЗ,uz,2
УЙ,uy,2
УК,uk,2
УЛ,ul,2
УМ,um,2
УН,un,2
УП,up,2
УР,ur,2
УС,us,2
УТ,ut,2
УФ,uf,2
УХ,ukh,2
УЦ,uts,2
УЧ,uch,2
УШ,ush,2
УЩ,ushch,2
ЮБ,yub,2
ЮВ,yuv,2
ЮГ,yuh,2
ЮД,yud,2
ЮЖ,yuzh,2
ЮЗ,yuz,2
ЮЙ,yuy,2
ЮК,yuk,2
ЮЛ,yul,2
ЮМ,yum,2
ЮН,yun,2
ЮП,yup,2
ЮР,yur,2
ЮС,yus,2
ЮТ,yut,2
ЮФ,yuf,2
ЮХ,yukh,2
ЮЦ,yuts,2
ЮЧ,yuch,2
ЮШ,yush,2
ЮЩ,yushch,2
ЯБ,yab,2
ЯВ,yav,2
ЯГ,yah,2
ЯД,yad,2
ЯЖ,yazh,2
ЯЗ,yaz,2
ЯЙ,yay,2
ЯК,yak,2
ЯЛ,yal,2
ЯМ,yam,2
ЯН,yan,2
ЯП,yap,2
ЯР,yar,2
ЯС,yas,2
ЯТ,yat,2
ЯФ,yaf,2
ЯХ,yakh,2
ЯЦ,yats,2
ЯЧ,yach,2
ЯШ,yash,2
ЯЩ,yashch,2
БА,ba,3
БЕ,be,3
БЄ,bye,3
БИ,bi,3
БІ,bi,3
БЇ,byi,3
БО,bo,3
БУ,bu,3
БЮ,byu,3
БЯ,bya,3
ВА,va,3
ВЕ,ve,3
ВЄ,vye,3
ВИ,vi,3
ВІ,vi,3
ВЇ,vyi,3
ВО,vo,3
ВУ,vu,3
ВЮ,vyu,3
ВЯ,vya,3
ГА,ha,3
ГЕ,he,3
ГЄ,hye,3
ГИ,hi,3
ГІ,hi,3
ГЇ,hyi,3
ГО,ho,3
ГУ,hu,3
ГЮ,hyu,3
ГЯ,hya,3
ДА,da,3
ДЕ,de,3
ДЄ,dye,3
ДИ,di,3
ДІ,di,3
ДЇ,dyi,3
ДО,do,3
ДУ,du,3
ДЮ,dyu,3
ДЯ,dya,3
ЖА,zha,3
ЖЕ,zhe,3
ЖЄ,zhye,3
ЖИ,zhi,3
ЖІ,zhi,3
ЖЇ,zhyi,3
ЖО,zho,3
ЖУ,zhu,3
ЖЮ,zhyu,3
ЖЯ,zhya,3
ЗА,za,3
ЗЕ,ze,3
ЗЄ,zye,3
ЗИ,zi,3
ЗІ,zi,3
ЗЇ,zyi,3
ЗО,zo,3
ЗУ,zu,3
ЗЮ,zyu,3
ЗЯ,zya,3
ЙА,ya,3
ЙЕ,ye,3
ЙЄ,yye,3
ЙИ,yi,3
ЙІ,yi,3
ЙЇ,yyi,3
ЙО,yo,3
ЙУ,yu,3
ЙЮ,yyu,3
ЙЯ,yya,3
КА,ka,3
КЕ,ke,3
КЄ,kye,3
КИ,ki,3
КІ,ki,3
КЇ,kyi,3
КО,ko,3
КУ,ku,3
КЮ,kyu,3
КЯ,kya,3
ЛА,la,3
ЛЕ,le,3
ЛЄ,lye,3
ЛИ,li,3
ЛІ,li,3
ЛЇ,lyi,3
ЛО,lo,3
ЛУ,lu,3
ЛЮ,lyu,3
ЛЯ,lya,3
МА,ma,3
МЕ,me,3
МЄ,mye,3
МИ,mi,3
МІ,mi,3
МЇ,myi,3
МО,mo,3
МУ,mu,3
МЮ,myu,3
МЯ,mya,3
НА,na,3
НЕ,ne,3
НЄ,nye,3
НИ,ni,3
НІ,ni,3
НЇ,nyi,3
НО,no,3
НУ,nu,3
НЮ,nyu,3
НЯ,nya,3
ПА,pa,3
ПЕ,pe,3
ПЄ,pye,3
ПИ,pi,3
ПІ,pi,3
ПЇ,pyi,3
ПО,po,3
ПУ,pu,3
ПЮ,pyu,3
ПЯ,pya,3
РА,ra,3
РЕ,re,3
РЄ,rye,3
РИ,ri,3
РІ,ri,3
РЇ,ryi,3
РО,ro,3
РУ,ru,3
РЮ,ryu,3
РЯ,rya,3
СА,sa,3
СЕ,se,3
СЄ,sye,3
СИ,si,3
СІ,si,3
СЇ,syi,3
СО,so,3
СУ,su,3
СЮ,syu,3
СЯ,sya,3
ТА,ta,3
ТЕ,te,3
ТЄ,tye,3
ТИ,ti,3
ТІ,ti,3
ТЇ,tyi,3
ТО,to,3
ТУ,tu,3
ТЮ,tyu,3
ТЯ,tya,3
ФА,fa,3
ФЕ,fe,3
ФЄ,fye,3
ФИ,fi,3
ФІ,fi,3
ФЇ,fyi,3
ФО,fo,3
ФУ,fu,3
ФЮ,fyu,3
ФЯ,fya,3
ХА,kha,3
ХЕ,khe,3
ХЄ,khye,3
ХИ,khi,3
ХІ,khi,3
ХЇ,khyi,3
ХО,kho,3
ХУ,khu,3
ХЮ,khyu,3
ХЯ,khya,3
ЦА,tsa,3
ЦЕ,tse,3
ЦЄ,tsye,3
ЦИ,tsi,3
ЦІ,tsi,3
ЦЇ,tsyi,3
ЦО,tso,3
ЦУ,tsu,3
ЦЮ,tsyu,3
ЦЯ,tsya,3
ЧА,cha,3
ЧЕ,che,3
ЧЄ,chye,3
ЧИ,chi,3
ЧІ,chi,3
ЧЇ,chyi,3
ЧО,cho,3
ЧУ,chu,3
ЧЮ,chyu,3
ЧЯ,chya,3
ША,sha,3
ШЕ,she,3
ШЄ,shye,3
ШИ,shi,3
ШІ,shi,3
ШЇ,shyi,3
ШО,sho,3
ШУ,shu,3
ШЮ,shyu,3
ШЯ,shya,3
ЩА,shcha,3
ЩЕ,shche,3
ЩЄ,shchye,3
ЩИ,shchi,3
ЩІ,shchi,3
ЩЇ,shchyi,3
ЩО,shcho,3
ЩУ,shchu,3
ЩЮ,shchyu,3
ЩЯ,shchya,3
БАБ,bab,4
БАВ,bav,4
БАГ,bah,4
БАД,bad,4
БАЖ,bazh,4
БАЗ,baz,4
БАЙ,bay,4
БАК,bak,4
БАЛ,bal,4
БАМ,bam,4
БАН,ban,4
БАП,bap,4
БАР,bar,4
БАС,bas,4
БАТ,bat,4
БАФ,baf,4
БАХ,bakh,4
БАЦ,bats,4
БАЧ,bach,4
БАШ,bash,4
БАЩ,bashch,4
БЕБ,beb,4
БЕВ,bev,4
БЕГ,beh,4
БЕД,bed,4
БЕЖ,bezh,4
БЕЗ,bez,4
БЕЙ,bey,4
БЕК,bek,4
БЕЛ,bel,4
БЕМ,bem,4
БЕН,ben,4
БЕП,bep,4
БЕР,ber,4
БЕС,bes,4
БЕТ,bet,4
БЕФ,bef,4
БЕХ,bekh,4
БЕЦ,bets,4
БЕЧ,bech,4
БЕШ,besh,4
БЕЩ,beshch,4
БЄБ,byeb,4
БЄВ,byev,4
БЄГ,byeh,4
БЄД,byed,4
БЄЖ,byezh,4
БЄЗ,byez,4
БЄЙ,byey,4
БЄК,byek,4
БЄЛ,byel,4
БЄМ,byem,4
БЄН,byen,4
БЄП,byep,4
БЄР,byer,4
БЄС,byes,4
БЄТ,byet,4
БЄФ,byef,4
БЄХ,byekh,4
БЄЦ,byets,4
БЄЧ,byech,4
БЄШ,byesh,4
БЄЩ,byeshch,4
БИБ,bib,4
БИВ,biv,4
БИГ,bih,4
БИД,bid,4
БИЖ,bizh,4
БИЗ,biz,4
БИЙ,biy,4
БИК,bik,4
БИЛ,bil,4
БИМ,bim,4
БИН,bin,4
БИП,bip,4
БИР,bir,4
БИС,bis,4
БИТ,bit,4
БИФ,bif,4
БИХ,bikh,4
БИЦ,bits,4
БИЧ,bich,4
БИШ,bish,4
БИЩ,bishch,4
БІБ,bib,4
БІВ,biv,4
БІГ,bih,4
БІД,bid,4
БІЖ,bizh,4
БІЗ,biz,4
БІЙ,biy,4
БІК,bik,4
БІЛ,bil,4
БІМ,bim,4
БІН,bin,4
БІП,bip,4
БІР,bir,4
БІС,bis,4
БІТ,bit,4
БІФ,bif,4
БІХ,bikh,4
БІЦ,bits,4
БІЧ,bich,4
БІШ,bish,4
БІЩ,bishch,4
БЇБ,byib,4
БЇВ,byiv,4
БЇГ,byih,4
БЇД,byid,4
БЇЖ,byizh,4
БЇЗ,byiz,4
БЇЙ,byiy,4
БЇК,byik,4
БЇЛ,byil,4
БЇМ,byim,4
БЇН,byin,4
БЇП,byip,4
БЇР,byir,4
БЇС,byis,4
БЇТ,byit,4
БЇФ,byif,4
БЇХ,byikh,4
БЇЦ,byits,4
БЇЧ,byich,4
БЇШ,byish,4
БЇЩ,byishch,4
БОБ,bob,4
БОВ,bov,4
БОГ,boh,4
БОД,bod,4
БОЖ,bozh,4
БОЗ,boz,4
БОЙ,boy,4
БОК,bok,4
БОЛ,bol,4
БОМ,bom,4
БОН,bon,4
БОП,bop,4
БОР,bor,4
БОС,bos,4
БОТ,bot,4
БОФ,bof,4
БОХ,bokh,4
БОЦ,bots,4
БОЧ,boch,4
БОШ,bosh,4
БОЩ,boshch,4
БУБ,bub,4
БУВ,buv,4
БУГ,buh,4
БУД,bud,4
БУЖ,buzh,4
БУЗ,buz,4
БУЙ,buy,4
БУК,buk,4
БУЛ,bul,4
БУМ,bum,4
БУН,bun,4
БУП,bup,4
БУР,bur,4
БУС,bus,4
БУТ,but,4
БУФ,buf,4
БУХ,bukh,4
БУЦ,buts,4
БУЧ,buch,4
БУШ,bush,4
БУЩ,bushch,4
БЮБ,byub,4
БЮВ,byuv,4
БЮГ,byuh,4
БЮД,byud,4
БЮЖ,byuzh,4
БЮЗ,byuz,4
БЮЙ,byuy,4
БЮК,byuk,4
БЮЛ,byul,4
БЮМ,byum,4
БЮН,byun,4
БЮП,byup,4
БЮР,byur,4
БЮС,byus,4
БЮТ,byut,4
БЮФ,byuf,4
БЮХ,byukh,4
БЮЦ,byuts,4
БЮЧ,byuch,4
БЮШ,byush,4
БЮЩ,byushch,4
БЯБ,byab,4
БЯВ,byav,4
БЯГ,byah,4
БЯД,byad,4
БЯЖ,byazh,4
БЯЗ,byaz,4
БЯЙ,byay,4
БЯК,byak,4
БЯЛ,byal,4
БЯМ,byam,4
БЯН,byan,4
БЯП,byap,4
БЯР,byar,4
БЯС,byas,4
БЯТ,byat,4
БЯФ,byaf,4
БЯХ,byakh,4
БЯЦ,byats,4
БЯЧ,byach,4
БЯШ,byash,4
БЯЩ,byashch,4
ВАБ,vab,4
ВАВ,vav,4
ВАГ,vah,4
ВАД,vad,4
ВАЖ,vazh,4
ВАЗ,vaz,4
ВАЙ,vay,4
ВАК,vak,4
ВАЛ,val,4
ВАМ,vam,4
ВАН,van,4
ВАП,vap,4
ВАР,var,4
ВАС,vas,4
ВАТ,vat,4
ВАФ,vaf,4
ВАХ,vakh,4
ВАЦ,vats,4
ВАЧ,vach,4
ВАШ,vash,4
ВАЩ,vashch,4
ВЕБ,veb,4
ВЕВ,vev,4
ВЕГ,veh,4
ВЕД,ved,4
ВЕЖ,vezh,4
ВЕЗ,vez,4
ВЕЙ,vey,4
ВЕК,vek,4
ВЕЛ,vel,4
ВЕМ,vem,4
ВЕН,ven,4
ВЕП,vep,4
ВЕР,ver,4
ВЕС,ves,4
ВЕТ,vet,4
ВЕФ,vef,4
ВЕХ,vekh,4
ВЕЦ,vets,4
ВЕЧ,vech,4
ВЕШ,vesh,4
ВЕЩ,veshch,4
ВЄБ,vyeb,4
ВЄВ,vyev,4
ВЄГ,vyeh,4
ВЄД,vyed,4
ВЄЖ,vyezh,4
ВЄЗ,vyez,4
ВЄЙ,vyey,4
ВЄК,vyek,4
ВЄЛ,vyel,4
ВЄМ,vyem,4
ВЄН,vyen,4
ВЄП,vyep,4
ВЄР,vyer,4
ВЄС,vyes,4
ВЄТ,vyet,4
ВЄФ,vyef,4
ВЄХ,vyekh,4
ВЄЦ,vyets,4
ВЄЧ,vyech,4
ВЄШ,vyesh,4
ВЄЩ,vyeshch,4
ВИБ,vib,4
ВИВ,viv,4
ВИГ,vih,4
ВИД,vid,4
ВИЖ,vizh,4
ВИЗ,viz,4
ВИЙ,viy,4
ВИК,vik,4
ВИЛ,vil,4
ВИМ,vim,4
ВИН,vin,4
ВИП,vip,4
ВИР,vir,4
ВИС,vis,4
ВИТ,vit,4
ВИФ,vif,4
ВИХ,vikh,4
ВИЦ,vits,4
ВИЧ,vich,4
ВИШ,vish,4
ВИЩ,vishch,4
ВІБ,vib,4
ВІВ,viv,4
ВІГ,vih,4
ВІД,vid,4
ВІЖ,vizh,4
ВІЗ,viz,4
ВІЙ,viy,4
ВІК,vik,4
ВІЛ,vil,4
ВІМ,vim,4
ВІН,vin,4
ВІП,vip,4
ВІР,vir,4
ВІС,vis,4
ВІТ,vit,4
ВІФ,vif,4
ВІХ,vikh,4
ВІЦ,vits,4
ВІЧ,vich,4
ВІШ,vish,4
ВІЩ,vishch,4
ВЇБ,vyib,4
ВЇВ,vyiv,4
ВЇГ,vyih,4
ВЇД,vyid,4
ВЇЖ,vyizh,4
ВЇЗ,vyiz,4
ВЇЙ,vyiy,4
ВЇК,vyik,4
ВЇЛ,vyil,4
ВЇМ,vyim,4
ВЇН,vyin,4
ВЇП,vyip,4
ВЇР,vyir,4
ВЇС,vyis,4
ВЇТ,vyit,4
ВЇФ,vyif,4
ВЇХ,vyikh,4
ВЇЦ,vyits,4
ВЇЧ,vyich,4
ВЇШ,vyish,4
ВЇЩ,vyishch,4
ВОБ,vob,4
ВОВ,vov,4
ВОГ,voh,4
ВОД,vod,4
ВОЖ,vozh,4
ВОЗ,voz,4
ВОЙ,voy,4
ВОК,vok,4
ВОЛ,vol,4
ВОМ,vom,4
ВОН,von,4
ВОП,vop,4
ВОР,vor,4
ВОС,vos,4
ВОТ,vot,4
ВОФ,vof,4
ВОХ,vokh,4
ВОЦ,vots,4
ВОЧ,voch,4
ВОШ,vosh,4
ВОЩ,voshch,4
ВУБ,vub,4
ВУВ,vuv,4
ВУГ,vuh,4
ВУД,vud,4
ВУЖ,vuzh,4
ВУЗ,vuz,4
ВУЙ,vuy,4
ВУК,vuk,4
ВУЛ,vul,4
ВУМ,vum,4
ВУН,vun,4
ВУП,vup,4
ВУР,vur,4
ВУС,vus,4
ВУТ,vut,4
ВУФ,vuf,4
ВУХ,vukh,4
ВУЦ,vuts,4
ВУЧ,vuch,4
ВУШ,vush,4
ВУЩ,vushch,4
ВЮБ,vyub,4
ВЮВ,vyuv,4
ВЮГ,vyuh,4
ВЮД,vyud,4
ВЮЖ,vyuzh,4
ВЮЗ,vyuz,4
ВЮЙ,vyuy,4
ВЮК,vyuk,4
ВЮЛ,vyul,4
ВЮМ,vyum,4
ВЮН,vyun,4
ВЮП,vyup,4
ВЮР,vyur,4
ВЮС,vyus,4
ВЮТ,vyut,4
ВЮФ,vyuf,4
ВЮХ,vyukh,4
ВЮЦ,vyuts,4
ВЮЧ,vyuch,4
ВЮШ,vyush,4
ВЮЩ,vyushch,4
ВЯБ,vyab,4
ВЯВ,vyav,4
ВЯГ,vyah,4
ВЯД,vyad,4
ВЯЖ,vyazh,4
ВЯЗ,vyaz,4
ВЯЙ,vyay,4
ВЯК,vyak,4
ВЯЛ,vyal,4
ВЯМ,vyam,4
ВЯН,vyan,4
ВЯП,vyap,4
ВЯР,vyar,4
ВЯС,vyas,4
ВЯТ,vyat,4
ВЯФ,vyaf,4
ВЯХ,vyakh,4
ВЯЦ,vyats,4
ВЯЧ,vyach,4
ВЯШ,vyash,4
ВЯЩ,vyashch,4
ГАБ,hab,4
ГАВ,hav,4
ГАГ,hah,4
ГАД,had,4
ГАЖ,hazh,4
ГАЗ,haz,4
ГАЙ,hay,4
ГАК,hak,4
ГАЛ,hal,4
ГАМ,ham,4
ГАН,han,4
ГАП,hap,4
ГАР,har,4
ГАС,has,4
ГАТ,hat,4
ГАФ,haf,4
ГАХ,hakh,4
ГАЦ,hats,4
ГАЧ,hach,4
ГАШ,hash,4
ГАЩ,hashch,4
ГЕБ,heb,4
ГЕВ,hev,4
ГЕГ,heh,4
ГЕД,hed,4
ГЕЖ,hezh,4
ГЕЗ,hez,4
ГЕЙ,hey,4
ГЕК,hek,4
ГЕЛ,hel,4
ГЕМ,hem,4
ГЕН,hen,4
ГЕП,hep,4
ГЕР,her,4
ГЕС,hes,4
ГЕТ,het,4
ГЕФ,hef,4
ГЕХ,hekh,4
ГЕЦ,hets,4
ГЕЧ,hech,4
ГЕШ,hesh,4
ГЕЩ,heshch,4
ГЄБ,hyeb,4
ГЄВ,hyev,4
ГЄГ,hyeh,4
ГЄД,hyed,4
ГЄЖ,hyezh,4
ГЄЗ,hyez,4
ГЄЙ,hyey,4
ГЄК,hyek,4
ГЄЛ,hyel,4
ГЄМ,hyem,4
ГЄН,hyen,4
ГЄП,hyep,4
ГЄР,hyer,4
ГЄС,hyes,4
ГЄТ,hyet,4
ГЄФ,hyef,4
ГЄХ,hyekh,4
ГЄЦ,hyets,4
ГЄЧ,hyech,4
ГЄШ,hyesh,4
ГЄЩ,hyeshch,4
ГИБ,hib,4
ГИВ,hiv,4
ГИГ,hih,4
ГИД,hid,4
ГИЖ,hizh,4
ГИЗ,hiz,4
ГИЙ,hiy,4
ГИК,hik,4
ГИЛ,hil,4
ГИМ,him,4
ГИН,hin,4
ГИП,hip,4
ГИР,hir,4
ГИС,his,4
ГИТ,hit,4
ГИФ,hif,4
ГИХ,hikh,4
ГИЦ,hits,4
ГИЧ,hich,4
ГИШ,hish,4
ГИЩ,hishch,4
ГІБ,hib,4
ГІВ,hiv,4
ГІГ,hih,4
ГІД,hid,4
ГІЖ,hizh,4
ГІЗ,hiz,4
ГІЙ,hiy,4
ГІК,hik,4
ГІЛ,hil,4
ГІМ,him,4
ГІН,hin,4
ГІП,hip,4
ГІР,hir,4
ГІС,his,4
ГІТ,hit,4
ГІФ,hif,4
ГІХ,hikh,4
ГІЦ,hits,4
ГІЧ,hich,4
ГІШ,hish,4
ГІЩ,hishch,4
ГЇБ,hyib,4
ГЇВ,hyiv,4
ГЇГ,hyih,4
ГЇД,hyid,4
ГЇЖ,hyizh,4
ГЇЗ,hyiz,4
ГЇЙ,hyiy,4
ГЇК,hyik,4
ГЇЛ,hyil,4
ГЇМ,hyim,4
ГЇН,hyin,4
ГЇП,hyip,4
ГЇР,hyir,4
ГЇС,hyis,4
ГЇТ,hyit,4
ГЇФ,hyif,4
ГЇХ,hyikh,4
ГЇЦ,hyits,4
ГЇЧ,hyich,4
ГЇШ,hyish,4
ГЇЩ,hyishch,4
ГОБ,hob,4
ГОВ,hov,4
ГОГ,hoh,4
ГОД,hod,4
ГОЖ,hozh,4
ГОЗ,hoz,4
ГОЙ,hoy,4
ГОК,hok,4
ГОЛ,hol,4
ГОМ,hom,4
ГОН,hon,4
ГОП,hop,4
ГОР,hor,4
ГОС,hos,4
ГОТ,hot,4
ГОФ,hof,4
ГОХ,hokh,4
ГОЦ,hots,4
ГОЧ,hoch,4
ГОШ,hosh,4
ГОЩ,hoshch,4
ГУБ,hub,4
ГУВ,huv,4
ГУГ,huh,4
ГУД,hud,4
ГУЖ,huzh,4
ГУЗ,huz,4
ГУЙ,huy,4
ГУК,huk,4
ГУЛ,hul,4
ГУМ,hum,4
ГУН,hun,4
ГУП,hup,4
ГУР,hur,4
ГУС,hus,4
ГУТ,hut,4
ГУФ,huf,4
ГУХ,hukh,4
ГУЦ,huts,4
ГУЧ,huch,4
ГУШ,hush,4
ГУЩ,hushch,4
ГЮБ,hyub,4
ГЮВ,hyuv,4
ГЮГ,hyuh,4
ГЮД,hyud,4
ГЮЖ,hyuzh,4
ГЮЗ,hyuz,4
ГЮЙ,hyuy,4
ГЮК,hyuk,4
ГЮЛ,hyul,4
ГЮМ,hyum,4
ГЮН,hyun,4
ГЮП,hyup,4
ГЮР,hyur,4
ГЮС,hyus,4
ГЮТ,hyut,4
ГЮФ,hyuf,4
ГЮХ,hyukh,4
ГЮЦ,hyuts,4
ГЮЧ,hyuch,4
ГЮШ,hyush,4
ГЮЩ,hyushch,4
ГЯБ,hyab,4
ГЯВ,hyav,4
ГЯГ,hyah,4
ГЯД,hyad,4
ГЯЖ,hyazh,4
ГЯЗ,hyaz,4
ГЯЙ,hyay,4
ГЯК,hyak,4
ГЯЛ,hyal,4
ГЯМ,hyam,4
ГЯН,hyan,4
ГЯП,hyap,4
ГЯР,hyar,4
ГЯС,hyas,4
ГЯТ,hyat,4
ГЯФ,hyaf,4
ГЯХ,hyakh,4
ГЯЦ,hyats,4
ГЯЧ,hyach,4
ГЯШ,hyash,4
ГЯЩ,hyashch,4
ДАБ,dab,4
ДАВ,dav,4
ДАГ,dah,4
ДАД,dad,4
ДАЖ,dazh,4
ДАЗ,daz,4
ДАЙ,day,4
ДАК,dak,4
ДАЛ,dal,4
ДАМ,dam,4
ДАН,dan,4
ДАП,dap,4
ДАР,dar,4
ДАС,das,4
ДАТ,dat,4
ДАФ,daf,4
ДАХ,dakh,4
ДАЦ,dats,4
ДАЧ,dach,4
ДАШ,dash,4
ДАЩ,dashch,4
ДЕБ,deb,4
ДЕВ,dev,4
ДЕГ,deh,4
ДЕД,ded,4
ДЕЖ,dezh,4
ДЕЗ,dez,4
ДЕЙ,dey,4
ДЕК,dek,4
ДЕЛ,del,4
ДЕМ,dem,4
ДЕН,den,4
ДЕП,dep,4
ДЕР,der,4
ДЕС,des,4
ДЕТ,det,4
ДЕФ,def,4
ДЕХ,dekh,4
ДЕЦ,dets,4
ДЕЧ,dech,4
ДЕШ,desh,4
ДЕЩ,deshch,4
ДЄБ,dyeb,4
ДЄВ,dyev,4
ДЄГ,dyeh,4
ДЄД,dyed,4
ДЄЖ,dyezh,4
ДЄЗ,dyez,4
ДЄЙ,dyey,4
ДЄК,dyek,4
ДЄЛ,dyel,4
ДЄМ,dyem,4
ДЄН,dyen,4
ДЄП,dyep,4
ДЄР,dyer,4
ДЄС,dyes,4
ДЄТ,dyet,4
ДЄФ,dyef,4
ДЄХ,dyekh,4
ДЄЦ,dyets,4
ДЄЧ,dyech,4
ДЄШ,dyesh,4
ДЄЩ,dyeshch,4
ДИБ,dib,4
ДИВ,div,4
ДИГ,dih,4
ДИД,did,4
ДИЖ,dizh,4
ДИЗ,diz,4
ДИЙ,diy,4
ДИК,dik,4
ДИЛ,dil,4
ДИМ,dim,4
ДИН,din,4
ДИП,dip,4
ДИР,dir,4
ДИС,dis,4
ДИТ,dit,4
ДИФ,dif,4
ДИХ,dikh,4
ДИЦ,dits,4
ДИЧ,dich,4
ДИШ,dish,4
ДИЩ,dishch,4
ДІБ,dib,4
ДІВ,div,4
ДІГ,dih,4
ДІД,did,4
ДІЖ,dizh,4
ДІЗ,diz,4
ДІЙ,diy,4
ДІК,dik,4
ДІЛ,dil,4
ДІМ,dim,4
ДІН,din,4
ДІП,dip,4
ДІР,dir,4
ДІС,dis,4
ДІТ,dit,4
ДІФ,dif,4
ДІХ,dikh,4
ДІЦ,dits,4
ДІЧ,dich,4
ДІШ,dish,4
ДІЩ,dishch,4
ДЇБ,dyib,4
ДЇВ,dyiv,4
ДЇГ,dyih,4
ДЇД,dyid,4
ДЇЖ,dyizh,4
ДЇЗ,dyiz,4
ДЇЙ,dyiy,4
ДЇК,dyik,4
ДЇЛ,dyil,4
ДЇМ,dyim,4
ДЇН,dyin,4
ДЇП,dyip,4
ДЇР,dyir,4
ДЇС,dyis,4
ДЇТ,dyit,4
ДЇФ,dyif,4
ДЇХ,dyikh,4
ДЇЦ,dyits,4
ДЇЧ,dyich,4
ДЇШ,dyish,4
ДЇЩ,dyishch,4
ДОБ,dob,4
ДОВ,dov,4
ДОГ,doh,4
ДОД,dod,4
ДОЖ,dozh,4
ДОЗ,doz,4
ДОЙ,doy,4
ДОК,dok,4
ДОЛ,dol,4
ДОМ,dom,4
ДОН,don,4
ДОП,dop,4
ДОР,dor,4
ДОС,dos,4
ДОТ,dot,4
ДОФ,dof,4
ДОХ,dokh,4
ДОЦ,dots,4
ДОЧ,doch,4
ДОШ,dosh,4
ДОЩ,doshch,4
ДУБ,dub,4
ДУВ,duv,4
ДУГ,duh,4
ДУД,dud,4
ДУЖ,duzh,4
ДУЗ,duz,4
ДУЙ,duy,4
ДУК,duk,4
ДУЛ,dul,4
ДУМ,dum,4
ДУН,dun,4
ДУП,dup,4
ДУР,dur,4
ДУС,dus,4
ДУТ,dut,4
ДУФ,duf,4
ДУХ,dukh,4
ДУЦ,duts,4
ДУЧ,duch,4
ДУШ,dush,4
ДУЩ,dushch,4
ДЮБ,dyub,4
ДЮВ,dyuv,4
ДЮГ,dyuh,4
ДЮД,dyud,4
ДЮЖ,dyuzh,4
ДЮЗ,dyuz,4
ДЮЙ,dyuy,4
ДЮК,dyuk,4
ДЮЛ,dyul,4
ДЮМ,dyum,4
ДЮН,dyun,4
ДЮП,dyup,4
ДЮР,dyur,4
ДЮС,dyus,4
ДЮТ,dyut,4
ДЮФ,dyuf,4
ДЮХ,dyukh,4
ДЮЦ,dyuts,4
ДЮЧ,dyuch,4
ДЮШ,dyush,4
ДЮЩ,dyushch,4
ДЯБ,dyab,4
ДЯВ,dyav,4
ДЯГ,dyah,4
ДЯД,dyad,4
ДЯЖ,dyazh,4
ДЯЗ,dyaz,4
ДЯЙ,dyay,4
ДЯК,dyak,4
ДЯЛ,dyal,4
ДЯМ,dyam,4
ДЯН,dyan,4
ДЯП,dyap,4
ДЯР,dyar,4
ДЯС,dyas,4
ДЯТ,dyat,4
ДЯФ,dyaf,4
ДЯХ,dyakh,4
ДЯЦ,dyats,4
ДЯЧ,dyach,4
ДЯШ,dyash,4
ДЯЩ,dyashch,4
ЖАБ,zhab,4
ЖАВ,zhav,4
ЖАГ,zhah,4
ЖАД,zhad,4
ЖАЖ,zhazh,4
ЖАЗ,zhaz,4
ЖАЙ,zhay,4
ЖАК,zhak,4
ЖАЛ,zhal,4
ЖАМ,zham,4
ЖАН,zhan,4
ЖАП,zhap,4
ЖАР,zhar,4
ЖАС,zhas,4
ЖАТ,zhat,4
ЖАФ,zhaf,4
ЖАХ,zhakh,4
ЖАЦ,zhats,4
ЖАЧ,zhach,4
ЖАШ,zhash,4
ЖАЩ,zhashch,4
ЖЕБ,zheb,4
ЖЕВ,zhev,4
ЖЕГ,zheh,4
ЖЕД,zhed,4
ЖЕЖ,zhezh,4
ЖЕЗ,zhez,4
ЖЕЙ,zhey,4
ЖЕК,zhek,4
ЖЕЛ,zhel,4
ЖЕМ,zhem,4
ЖЕН,zhen,4
ЖЕП,zhep,4
ЖЕР,zher,4
ЖЕС,zhes,4
ЖЕТ,zhet,4
ЖЕФ,zhef,4
ЖЕХ,zhekh,4
ЖЕЦ,zhets,4
ЖЕЧ,zhech,4
ЖЕШ,zhesh,4
ЖЕЩ,zheshch,4
ЖЄБ,zhyeb,4
ЖЄВ,zhyev,4
ЖЄГ,zhyeh,4
ЖЄД,zhyed,4
ЖЄЖ,zhyezh,4
ЖЄЗ,zhyez,4
ЖЄЙ,zhyey,4
ЖЄК,zhyek,4
ЖЄЛ,zhyel,4
ЖЄМ,zhyem,4
ЖЄН,zhyen,4
ЖЄП,zhyep,4
ЖЄР,zhyer,4
ЖЄС,zhyes,4
ЖЄТ,zhyet,4
ЖЄФ,zhyef,4
ЖЄХ,zhyekh,4
ЖЄЦ,zhyets,4
ЖЄЧ,zhyech,4
ЖЄШ,zhyesh,4
ЖЄЩ,zhyeshch,4
ЖИБ,zhib,4
ЖИВ,zhiv,4
ЖИГ,zhih,4
ЖИД,zhid,4
ЖИЖ,zhizh,4
ЖИЗ,zhiz,4
ЖИЙ,zhiy,4
ЖИК,zhik,4
ЖИЛ,zhil,4
ЖИМ,zhim,4
ЖИН,zhin,4
ЖИП,zhip,4
ЖИР,zhir,4
ЖИС,zhis,4
ЖИТ,zhit,4
ЖИФ,zhif,4
ЖИХ,zhikh,4
ЖИЦ,zhits,4
ЖИЧ,zhich,4
ЖИШ,zhish,4
ЖИЩ,zhishch,4
ЖІБ,zhib,4
ЖІВ,zhiv,4
ЖІГ,zhih,4
ЖІД,zhid,4
ЖІЖ,zhizh,4
ЖІЗ,zhiz,4
ЖІЙ,zhiy,4
ЖІК,zhik,4
ЖІЛ,zhil,4
ЖІМ,zhim,4
ЖІН,zhin,4
ЖІП,zhip,4
ЖІР,zhir,4
ЖІС,zhis,4
ЖІТ,zhit,4
ЖІФ,zhif,4
ЖІХ,zhikh,4
ЖІЦ,zhits,4
ЖІЧ,zhich,4
ЖІШ,zhish,4
ЖІЩ,zhishch,4
ЖЇБ,zhyib,4
ЖЇВ,zhyiv,4
ЖЇГ,zhyih,4
ЖЇД,zhyid,4
ЖЇЖ,zhyizh,4
ЖЇЗ,zhyiz,4
ЖЇЙ,zhyiy,4
ЖЇК,zhyik,4
ЖЇЛ,zhyil,4
ЖЇМ,zhyim,4
ЖЇН,zhyin,4
ЖЇП,zhyip,4
ЖЇР,zhyir,4
ЖЇС,zhyis,4
ЖЇТ,zhyit,4
ЖЇФ,zhyif,4
ЖЇХ,zhyikh,4
ЖЇЦ,zhyits,4
ЖЇЧ,zhyich,4
ЖЇШ,zhyish,4
ЖЇЩ,zhyishch,4
ЖОБ,zhob,4
ЖОВ,zhov,4
ЖОГ,zhoh,4
ЖОД,zhod,4
ЖОЖ,zhozh,4
ЖОЗ,zhoz,4
ЖОЙ,zhoy,4
ЖОК,zhok,4
ЖОЛ,zhol,4
ЖОМ,zhom,4
ЖОН,zhon,4
ЖОП,zhop,4
ЖОР,zhor,4
ЖОС,zhos,4
ЖОТ,zhot,4
ЖОФ,zhof,4
ЖОХ,zhokh,4
ЖОЦ,zhots,4
ЖОЧ,zhoch,4
ЖОШ,zhosh,4
ЖОЩ,zhoshch,4
ЖУБ,zhub,4
ЖУВ,zhuv,4
ЖУГ,zhuh,4
ЖУД,zhud,4
ЖУЖ,zhuzh,4
ЖУЗ,zhuz,4
ЖУЙ,zhuy,4
ЖУК,zhuk,4
ЖУЛ,zhul,4
ЖУМ,zhum,4
ЖУН,zhun,4
ЖУП,zhup,4
ЖУР,zhur,4
ЖУС,zhus,4
ЖУТ,zhut,4
ЖУФ,zhuf,4
ЖУХ,zhukh,4
ЖУЦ,zhuts,4
ЖУЧ,zhuch,4
ЖУШ,zhush,4
ЖУЩ,zhushch,4
ЖЮБ,zhyub,4
ЖЮВ,zhyuv,4
ЖЮГ,zhyuh,4
ЖЮД,zhyud,4
ЖЮЖ,zhyuzh,4
ЖЮЗ,zhyuz,4
ЖЮЙ,zhyuy,4
ЖЮК,zhyuk,4
ЖЮЛ,zhyul,4
ЖЮМ,zhyum,4
ЖЮН,zhyun,4
ЖЮП,zhyup,4
ЖЮР,zhyur,4
ЖЮС,zhyus,4
ЖЮТ,zhyut,4
ЖЮФ,zhyuf,4
ЖЮХ,zhyukh,4
ЖЮЦ,zhyuts,4
ЖЮЧ,zhyuch,4
ЖЮШ,zhyush,4
ЖЮЩ,zhyushch,4
ЖЯБ,zhyab,4
ЖЯВ,zhyav,4
ЖЯГ,zhyah,4
ЖЯД,zhyad,4
ЖЯЖ,zhyazh,4
ЖЯЗ,zhyaz,4
ЖЯЙ,zhyay,4
ЖЯК,zhyak,4
ЖЯЛ,zhyal,4
ЖЯМ,zhyam,4
ЖЯН,zhyan,4
ЖЯП,zhyap,4
ЖЯР,zhyar,4
ЖЯС,zhyas,4
ЖЯТ,zhyat,4
ЖЯФ,zhyaf,4
ЖЯХ,zhyakh,4
ЖЯЦ,zhyats,4
ЖЯЧ,zhyach,4
ЖЯШ,zhyash,4
ЖЯЩ,zhyashch,4
ЗАБ,zab,4
ЗАВ,zav,4
ЗАГ,zah,4
ЗАД,zad,4
ЗАЖ,zazh,4
ЗАЗ,zaz,4
ЗАЙ,zay,4
ЗАК,zak,4
ЗАЛ,zal,4
ЗАМ,zam,4
ЗАН,zan,4
ЗАП,zap,4
ЗАР,zar,4
ЗАС,zas,4
ЗАТ,zat,4
ЗАФ,zaf,4
ЗАХ,zakh,4
ЗАЦ,zats,4
ЗАЧ,zach,4
ЗАШ,zash,4
ЗАЩ,zashch,4
ЗЕБ,zeb,4
ЗЕВ,zev,4
ЗЕГ,zeh,4
ЗЕД,zed,4
ЗЕЖ,zezh,4
ЗЕЗ,zez,4
ЗЕЙ,zey,4
ЗЕК,zek,4
ЗЕЛ,zel,4
ЗЕМ,zem,4
ЗЕН,zen,4
ЗЕП,zep,4
ЗЕР,zer,4
ЗЕС,zes,4
ЗЕТ,zet,4
ЗЕФ,zef,4
ЗЕХ,zekh,4
ЗЕЦ,zets,4
ЗЕЧ,zech,4
ЗЕШ,zesh,4
ЗЕЩ,zeshch,4
ЗЄБ,zyeb,4
ЗЄВ,zyev,4
ЗЄГ,zyeh,4
ЗЄД,zyed,4
ЗЄЖ,zyezh,4
ЗЄЗ,zyez,4
ЗЄЙ,zyey,4
ЗЄК,zyek,4
ЗЄЛ,zyel,4
ЗЄМ,zyem,4
ЗЄН,zyen,4
ЗЄП,zyep,4
ЗЄР,zyer,4
ЗЄС,zyes,4
ЗЄТ,zyet,4
ЗЄФ,zyef,4
ЗЄХ,zyekh,4
ЗЄЦ,zyets,4
ЗЄЧ,zyech,4
ЗЄШ,zyesh,4
ЗЄЩ,zyeshch,4
ЗИБ,zib,4
ЗИВ,ziv,4
ЗИГ,zih,4
ЗИД,zid,4
ЗИЖ,zizh,4
ЗИЗ,ziz,4
ЗИЙ,ziy,4
ЗИК,zik,4
ЗИЛ,zil,4
ЗИМ,zim,4
ЗИН,zin,4
ЗИП,zip,4
ЗИР,zir,4
ЗИС,zis,4
ЗИТ,zit,4
ЗИФ,zif,4
ЗИХ,zikh,4
ЗИЦ,zits,4
ЗИЧ,zich,4
ЗИШ,zish,4
ЗИЩ,zishch,4
ЗІБ,zib,4
ЗІВ,ziv,4
ЗІГ,zih,4
ЗІД,zid,4
ЗІЖ,zizh,4
ЗІЗ,ziz,4
ЗІЙ,ziy,4
ЗІК,zik,4
ЗІЛ,zil,4
ЗІМ,zim,4
ЗІН,zin,4
ЗІП,zip,4
ЗІР,zir,4
ЗІС,zis,4
ЗІТ,zit,4
ЗІФ,zif,4
ЗІХ,zikh,4
ЗІЦ,zits,4
ЗІЧ,zich,4
ЗІШ,zish,4
ЗІЩ,zishch,4
ЗЇБ,zyib,4
ЗЇВ,zyiv,4
ЗЇГ,zyih,4
ЗЇД,zyid,4
ЗЇЖ,zyizh,4
ЗЇЗ,zyiz,4
ЗЇЙ,zyiy,4
ЗЇК,zyik,4
ЗЇЛ,zyil,4
ЗЇМ,zyim,4
ЗЇН,zyin,4
ЗЇП,zyip,4
ЗЇР,zyir,4
ЗЇС,zyis,4
ЗЇТ,zyit,4
ЗЇФ,zyif,4
ЗЇХ,zyikh,4
ЗЇЦ,zyits,4
ЗЇЧ,zyich,4
ЗЇШ,zyish,4
ЗЇЩ,zyishch,4
ЗОБ,zob,4
ЗОВ,zov,4
ЗОГ,zoh,4
ЗОД,zod,4
ЗОЖ,zozh,4
ЗОЗ,zoz,4
ЗОЙ,zoy,4
ЗОК,zok,4
ЗОЛ,zol,4
ЗОМ,zom,4
ЗОН,zon,4
ЗОП,zop,4
ЗОР,zor,4
ЗОС,zos,4
ЗОТ,zot,4
ЗОФ,zof,4
ЗОХ,zokh,4
ЗОЦ,zots,4
ЗОЧ,zoch,4
ЗОШ,zosh,4
ЗОЩ,zoshch,4
ЗУБ,zub,4
ЗУВ,zuv,4
ЗУГ,zuh,4
ЗУД,zud,4
ЗУЖ,zuzh,4
ЗУЗ,zuz,4
ЗУЙ,zuy,4
ЗУК,zuk,4
ЗУЛ,zul,4
ЗУМ,zum,4
ЗУН,zun,4
ЗУП,zup,4
ЗУР,zur,4
ЗУС,zus,4
ЗУТ,zut,4
ЗУФ,zuf,4
ЗУХ,zukh,4
ЗУЦ,zuts,4
ЗУЧ,zuch,4
ЗУШ,zush,4
ЗУЩ,zushch,4
ЗЮБ,zyub,4
ЗЮВ,zyuv,4
ЗЮГ,zyuh,4
ЗЮД,zyud,4
ЗЮЖ,zyuzh,4
ЗЮЗ,zyuz,4
ЗЮЙ,zyuy,4
ЗЮК,zyuk,4
ЗЮЛ,zyul,4
ЗЮМ,zyum,4
ЗЮН,zyun,4
ЗЮП,zyup,4
ЗЮР,zyur,4
ЗЮС,zyus,4
ЗЮТ,zyut,4
ЗЮФ,zyuf,4
ЗЮХ,zyukh,4
ЗЮЦ,zyuts,4
ЗЮЧ,zyuch,4
ЗЮШ,zyush,4
ЗЮЩ,zyushch,4
ЗЯБ,zyab,4
ЗЯВ,zyav,4
ЗЯГ,zyah,4
ЗЯД,zyad,4
ЗЯЖ,zyazh,4
ЗЯЗ,zyaz,4
ЗЯЙ,zyay,4
ЗЯК,zyak,4
ЗЯЛ,zyal,4
ЗЯМ,zyam,4
ЗЯН,zyan,4
ЗЯП,zyap,4
ЗЯР,zyar,4
ЗЯС,zyas,4
ЗЯТ,zyat,4
ЗЯФ,zyaf,4
ЗЯХ,zyakh,4
ЗЯЦ,zyats,4
ЗЯЧ,zyach,4
ЗЯШ,zyash,4
ЗЯЩ,zyashch,4
ЙАБ,yab,4
ЙАВ,yav,4
ЙАГ,yah,4
ЙАД,yad,4
ЙАЖ,yazh,4
ЙАЗ,yaz,4
ЙАЙ,yay,4
ЙАК,yak,4
ЙАЛ,yal,4
ЙАМ,yam,4
ЙАН,yan,4
ЙАП,yap,4
ЙАР,yar,4
ЙАС,yas,4
ЙАТ,yat,4
ЙАФ,yaf,4
ЙАХ,yakh,4
ЙАЦ,yats,4
ЙАЧ,yach,4
ЙАШ,yash,4
ЙАЩ,yashch,4
ЙЕБ,yeb,4
ЙЕВ,yev,4
ЙЕГ,yeh,4
ЙЕД,yed,4
ЙЕЖ,yezh,4
ЙЕЗ,yez,4
ЙЕЙ,yey,4
ЙЕК,yek,4
ЙЕЛ,yel,4
ЙЕМ,yem,4
ЙЕН,yen,4
ЙЕП,yep,4
ЙЕР,yer,4
ЙЕС,yes,4
ЙЕТ,yet,4
ЙЕФ,yef,4
ЙЕХ,yekh,4
ЙЕЦ,yets,4
ЙЕЧ,yech,4
ЙЕШ,yesh,4
ЙЕЩ,yeshch,4
ЙЄБ,yyeb,4
ЙЄВ,yyev,4
ЙЄГ,yyeh,4
ЙЄД,yyed,4
ЙЄЖ,yyezh,4
ЙЄЗ,yyez,4
ЙЄЙ,yyey,4
ЙЄК,yyek,4
ЙЄЛ,yyel,4
ЙЄМ,yyem,4
ЙЄН,yyen,4
ЙЄП,yyep,4
ЙЄР,yyer,4
ЙЄС,yyes,4
ЙЄТ,yyet,4
ЙЄФ,yyef,4
ЙЄХ,yyekh,4
ЙЄЦ,yyets,4
ЙЄЧ,yyech,4
ЙЄШ,yyesh,4
ЙЄЩ,yyeshch,4
ЙИБ,yib,4
ЙИВ,yiv,4
ЙИГ,yih,4
ЙИД,yid,4
ЙИЖ,yizh,4
ЙИЗ,yiz,4
ЙИЙ,yiy,4
ЙИК,yik,4
ЙИЛ,yil,4
ЙИМ,yim,4
ЙИН,yin,4
ЙИП,yip,4
ЙИР,yir,4
ЙИС,yis,4
ЙИТ,yit,4
ЙИФ,yif,4
ЙИХ,yikh,4
ЙИЦ,yits,4
ЙИЧ,yich,4
ЙИШ,yish,4
ЙИЩ,yishch,4
ЙІБ,yib,4
ЙІВ,yiv,4
ЙІГ,yih,4
ЙІД,yid,4
ЙІЖ,yizh,4
ЙІЗ,yiz,4
ЙІЙ,yiy,4
ЙІК,yik,4
ЙІЛ,yil,4
ЙІМ,yim,4
ЙІН,yin,4
ЙІП,yip,4
ЙІР,yir,4
ЙІС,yis,4
ЙІТ,yit,4
ЙІФ,yif,4
ЙІХ,yikh,4
ЙІЦ,yits,4
ЙІЧ,yich,4
ЙІШ,yish,4
ЙІЩ,yishch,4
ЙЇБ,yyib,4
ЙЇВ,yyiv,4
ЙЇГ,yyih,4
ЙЇД,yyid,4
ЙЇЖ,yyizh,4
ЙЇЗ,yyiz,4
ЙЇЙ,yyiy,4
ЙЇК,yyik,4
ЙЇЛ,yyil,4
ЙЇМ,yyim,4
ЙЇН,yyin,4
ЙЇП,yyip,4
ЙЇР,yyir,4
ЙЇС,yyis,4
ЙЇТ,yyit,4
ЙЇФ,yyif,4
ЙЇХ,yyikh,4
ЙЇЦ,yyits,4
ЙЇЧ,yyich,4
ЙЇШ,yyish,4
ЙЇЩ,yyishch,4
ЙОБ,yob,4
ЙОВ,yov,4
ЙОГ,yoh,4
ЙОД,yod,4
ЙОЖ,yozh,4
ЙОЗ,yoz,4
ЙОЙ,yoy,4
ЙОК,yok,4
ЙОЛ,yol,4
ЙОМ,yom,4
ЙОН,yon,4
ЙОП,yop,4
ЙОР,yor,4
ЙОС,yos,4
ЙОТ,yot,4
ЙОФ,yof,4
ЙОХ,yokh,4
ЙОЦ,yots,4
ЙОЧ,yoch,4
ЙОШ,yosh,4
ЙОЩ,yoshch,4
ЙУБ,yub,4
ЙУВ,yuv,4
ЙУГ,yuh,4
ЙУД,yud,4
ЙУЖ,yuzh,4
ЙУЗ,yuz,4
ЙУЙ,yuy,4
ЙУК,yuk,4
ЙУЛ,yul,4
ЙУМ,yum,4
ЙУН,yun,4
ЙУП,yup,4
ЙУР,yur,4
ЙУС,yus,4
ЙУТ,yut,4
ЙУФ,yuf,4
ЙУХ,yukh,4
ЙУЦ,yuts,4
ЙУЧ,yuch,4
ЙУШ,yush,4
ЙУЩ,yushch,4
ЙЮБ,yyub,4
ЙЮВ,yyuv,4
ЙЮГ,yyuh,4
ЙЮД,yyud,4
ЙЮЖ,yyuzh,4
ЙЮЗ,yyuz,4
ЙЮЙ,yyuy,4
ЙЮК,yyuk,4
ЙЮЛ,yyul,4
ЙЮМ,yyum,4
ЙЮН,yyun,4
ЙЮП,yyup,4
ЙЮР,yyur,4
ЙЮС,yyus,4
ЙЮТ,yyut,4
ЙЮФ,yyuf,4
ЙЮХ,yyukh,4
ЙЮЦ,yyuts,4
ЙЮЧ,yyuch,4
ЙЮШ,yyush,4
ЙЮЩ,yyushch,4
ЙЯБ,yyab,4
ЙЯВ,yyav,4
ЙЯГ,yyah,4
ЙЯД,yyad,4
ЙЯЖ,yyazh,4
ЙЯЗ,yyaz,4
ЙЯЙ,yyay,4
ЙЯК,yyak,4
ЙЯЛ,yyal,4
ЙЯМ,yyam,4
ЙЯН,yyan,4
ЙЯП,yyap,4
ЙЯР,yyar,4
ЙЯС,yyas,4
ЙЯТ,yyat,4
ЙЯФ,yyaf,4
ЙЯХ,yyakh,4
ЙЯЦ,yyats,4
ЙЯЧ,yyach,4
ЙЯШ,yyash,4
ЙЯЩ,yyashch,4
КАБ,kab,4
КАВ,kav,4
КАГ,kah,4
КАД,kad,4
КАЖ,kazh,4
КАЗ,kaz,4
КАЙ,kay,4
КАК,kak,4
КАЛ,kal,4
КАМ,kam,4
КАН,kan,4
КАП,kap,4
КАР,kar,4
КАС,kas,4
КАТ,kat,4
КАФ,kaf,4
КАХ,kakh,4
КАЦ,kats,4
КАЧ,kach,4
КАШ,kash,4
КАЩ,kashch,4
КЕБ,keb,4
КЕВ,kev,4
КЕГ,keh,4
КЕД,ked,4
КЕЖ,kezh,4
КЕЗ,kez,4
КЕЙ,key,4
КЕК,kek,4
КЕЛ,kel,4
КЕМ,kem,4
КЕН,ken,4
КЕП,kep,4
КЕР,ker,4
КЕС,kes,4
КЕТ,ket,4
КЕФ,kef,4
КЕХ,kekh,4
КЕЦ,kets,4
КЕЧ,kech,4
КЕШ,kesh,4
КЕЩ,keshch,4
КЄБ,kyeb,4
КЄВ,kyev,4
КЄГ,kyeh,4
КЄД,kyed,4
КЄЖ,kyezh,4
КЄЗ,kyez,4
КЄЙ,kyey,4
КЄК,kyek,4
КЄЛ,kyel,4
КЄМ,kyem,4
КЄН,kyen,4
КЄП,kyep,4
КЄР,kyer,4
КЄС,kyes,4
КЄТ,kyet,4
КЄФ,kyef,4
КЄХ,kyekh,4
КЄЦ,kyets,4
КЄЧ,kyech,4
КЄШ,kyesh,4
КЄЩ,kyeshch,4
КИБ,kib,4
КИВ,kiv,4
КИГ,kih,4
КИД,kid,4
КИЖ,kizh,4
КИЗ,kiz,4
КИЙ,kiy,4
КИК,kik,4
КИЛ,kil,4
КИМ,kim,4
КИН,kin,4
КИП,kip,4
КИР,kir,4
КИС,kis,4
КИТ,kit,4
КИФ,kif,4
КИХ,kikh,4
КИЦ,kits,4
КИЧ,kich,4
КИШ,kish,4
КИЩ,kishch,4
КІБ,kib,4
КІВ,kiv,4
КІГ,kih,4
КІД,kid,4
КІЖ,kizh,4
КІЗ,kiz,4
КІЙ,kiy,4
КІК,kik,4
КІЛ,kil,4
КІМ,kim,4
КІН,kin,4
КІП,kip,4
КІР,kir,4
КІС,kis,4
КІТ,kit,4
КІФ,kif,4
КІХ,kikh,4
КІЦ,kits,4
КІЧ,kich,4
КІШ,kish,4
КІЩ,kishch,4
КЇБ,kyib,4
КЇВ,kyiv,4
КЇГ,kyih,4
КЇД,kyid,4
КЇЖ,kyizh,4
КЇЗ,kyiz,4
КЇЙ,kyiy,4
КЇК,kyik,4
КЇЛ,kyil,4
КЇМ,kyim,4
КЇН,kyin,4
КЇП,kyip,4
КЇР,kyir,4
КЇС,kyis,4
КЇТ,kyit,4
КЇФ,kyif,4
КЇХ,kyikh,4
КЇЦ,kyits,4
КЇЧ,kyich,4
КЇШ,kyish,4
КЇЩ,kyishch,4
КОБ,kob,4
КОВ,kov,4
КОГ,koh,4
КОД,kod,4
КОЖ,kozh,4
КОЗ,koz,4
КОЙ,koy,4
КОК,kok,4
КОЛ,kol,4
КОМ,kom,4
КОН,kon,4
КОП,kop,4
КОР,kor,4
КОС,kos,4
КОТ,kot,4
КОФ,kof,4
КОХ,kokh,4
КОЦ,kots,4
КОЧ,koch,4
КОШ,kosh,4
КОЩ,koshch,4
КУБ,kub,4
КУВ,kuv,4
КУГ,kuh,4
КУД,kud,4
КУЖ,kuzh,4
КУЗ,kuz,4
КУЙ,kuy,4
КУК,kuk,4
КУЛ,kul,4
КУМ,kum,4
КУН,kun,4
КУП,kup,4
КУР,kur,4
КУС,kus,4
КУТ,kut,4
КУФ,kuf,4
КУХ,kukh,4
КУЦ,kuts,4
КУЧ,kuch,4
КУШ,kush,4
КУЩ,kushch,4
КЮБ,kyub,4
КЮВ,kyuv,4
КЮГ,kyuh,4
КЮД,kyud,4
КЮЖ,kyuzh,4
КЮЗ,kyuz,4
КЮЙ,kyuy,4
КЮК,kyuk,4
КЮЛ,kyul,4
КЮМ,kyum,4
КЮН,kyun,4
КЮП,kyup,4
КЮР,kyur,4
КЮС,kyus,4
КЮТ,kyut,4
КЮФ,kyuf,4
КЮХ,kyukh,4
КЮЦ,kyuts,4
КЮЧ,kyuch,4
КЮШ,kyush,4
КЮЩ,kyushch,4
КЯБ,kyab,4
КЯВ,kyav,4
КЯГ,kyah,4
КЯД,kyad,4
КЯЖ,kyazh,4
КЯЗ,kyaz,4
КЯЙ,kyay,4
КЯК,kyak,4
КЯЛ,kyal,4
КЯМ,kyam,4
КЯН,kyan,4
КЯП,kyap,4
КЯР,kyar,4
КЯС,kyas,4
КЯТ,kyat,4
КЯФ,kyaf,4
КЯХ,kyakh,4
КЯЦ,kyats,4
КЯЧ,kyach,4
КЯШ,kyash,4
КЯЩ,kyashch,4
ЛАБ,lab,4
ЛАВ,lav,4
ЛАГ,lah,4
ЛАД,lad,4
ЛАЖ,lazh,4
ЛАЗ,laz,4
ЛАЙ,lay,4
ЛАК,lak,4
ЛАЛ,lal,4
ЛАМ,lam,4
ЛАН,lan,4
ЛАП,lap,4
ЛАР,lar,4
ЛАС,las,4
ЛАТ,lat,4
ЛАФ,laf,4
ЛАХ,lakh,4
ЛАЦ,lats,4
ЛАЧ,lach,4
ЛАШ,lash,4
ЛАЩ,lashch,4
ЛЕБ,leb,4
ЛЕВ,lev,4
ЛЕГ,leh,4
ЛЕД,led,4
ЛЕЖ,lezh,4
ЛЕЗ,lez,4
ЛЕЙ,ley,4
ЛЕК,lek,4
ЛЕЛ,lel,4
ЛЕМ,lem,4
ЛЕН,len,4
ЛЕП,lep,4
ЛЕР,ler,4
ЛЕС,les,4
ЛЕТ,let,4
ЛЕФ,lef,4
ЛЕХ,lekh,4
ЛЕЦ,lets,4
ЛЕЧ,lech,4
ЛЕШ,lesh,4
ЛЕЩ,leshch,4
ЛЄБ,lyeb,4
ЛЄВ,lyev,4
ЛЄГ,lyeh,4
ЛЄД,lyed,4
ЛЄЖ,lyezh,4
ЛЄЗ,lyez,4
ЛЄЙ,lyey,4
ЛЄК,lyek,4
ЛЄЛ,lyel,4
ЛЄМ,lyem,4
ЛЄН,lyen,4
ЛЄП,lyep,4
ЛЄР,lyer,4
ЛЄС,lyes,4
ЛЄТ,lyet,4
ЛЄФ,lyef,4
ЛЄХ,lyekh,4
ЛЄЦ,lyets,4
ЛЄЧ,lyech,4
ЛЄШ,lyesh,4
ЛЄЩ,lyeshch,4
ЛИБ,lib,4
ЛИВ,liv,4
ЛИГ,lih,4
ЛИД,lid,4
ЛИЖ,lizh,4
ЛИЗ,liz,4
ЛИЙ,liy,4
ЛИК,lik,4
ЛИЛ,lil,4
ЛИМ,lim,4
ЛИН,lin,4
ЛИП,lip,4
ЛИР,lir,4
ЛИС,lis,4
ЛИТ,lit,4
ЛИФ,lif,4
ЛИХ,likh,4
ЛИЦ,lits,4
ЛИЧ,lich,4
ЛИШ,lish,4
ЛИЩ,lishch,4
ЛІБ,lib,4
ЛІВ,liv,4
ЛІГ,lih,4
ЛІД,lid,4
ЛІЖ,lizh,4
ЛІЗ,liz,4
ЛІЙ,liy,4
ЛІК,lik,4
ЛІЛ,lil,4
ЛІМ,lim,4
ЛІН,lin,4
ЛІП,lip,4
ЛІР,lir,4
ЛІС,lis,4
ЛІТ,lit,4
ЛІФ,lif,4
ЛІХ,likh,4
ЛІЦ,lits,4
ЛІЧ,lich,4
ЛІШ,lish,4
ЛІЩ,lishch,4
ЛЇБ,lyib,4
ЛЇВ,lyiv,4
ЛЇГ,lyih,4
ЛЇД,lyid,4
ЛЇЖ,lyizh,4
ЛЇЗ,lyiz,4
ЛЇЙ,lyiy,4
ЛЇК,lyik,4
ЛЇЛ,lyil,4
ЛЇМ,lyim,4
ЛЇН,lyin,4
ЛЇП,lyip,4
ЛЇР,lyir,4
ЛЇС,lyis,4
ЛЇТ,lyit,4
ЛЇФ,lyif,4
ЛЇХ,lyikh,4
ЛЇЦ,lyits,4
ЛЇЧ,lyich,4
ЛЇШ,lyish,4
ЛЇЩ,lyishch,4
ЛОБ,lob,4
ЛОВ,lov,4
ЛОГ,loh,4
ЛОД,lod,4
ЛОЖ,lozh,4
ЛОЗ,loz,4
ЛОЙ,loy,4
ЛОК,lok,4
ЛОЛ,lol,4
ЛОМ,lom,4
ЛОН,lon,4
ЛОП,lop,4
ЛОР,lor,4
ЛОС,los,4
ЛОТ,lot,4
ЛОФ,lof,4
ЛОХ,lokh,4
ЛОЦ,lots,4
ЛОЧ,loch,4
ЛОШ,losh,4
ЛОЩ,loshch,4
ЛУБ,lub,4
ЛУВ,luv,4
ЛУГ,luh,4
ЛУД,lud,4
ЛУЖ,luzh,4
ЛУЗ,luz,4
ЛУЙ,luy,4
ЛУК,luk,4
ЛУЛ,lul,4
ЛУМ,lum,4
ЛУН,lun,4
ЛУП,lup,4
ЛУР,lur,4
ЛУС,lus,4
ЛУТ,lut,4
ЛУФ,luf,4
ЛУХ,lukh,4
ЛУЦ,luts,4
ЛУЧ,luch,4
ЛУШ,lush,4
ЛУЩ,lushch,4
ЛЮБ,lyub,4
ЛЮВ,lyuv,4
ЛЮГ,lyuh,4
ЛЮД,lyud,4
ЛЮЖ,lyuzh,4
ЛЮЗ,lyuz,4
ЛЮЙ,lyuy,4
ЛЮК,lyuk,4
ЛЮЛ,lyul,4
ЛЮМ,lyum,4
ЛЮН,lyun,4
ЛЮП,lyup,4
ЛЮР,lyur,4
ЛЮС,lyus,4
ЛЮТ,lyut,4
ЛЮФ,lyuf,4
ЛЮХ,lyukh,4
ЛЮЦ,lyuts,4
ЛЮЧ,lyuch,4
ЛЮШ,lyush,4
ЛЮЩ,lyushch,4
ЛЯБ,lyab,4
ЛЯВ,lyav,4
ЛЯГ,lyah,4
ЛЯД,lyad,4
ЛЯЖ,lyazh,4
ЛЯЗ,lyaz,4
ЛЯЙ,lyay,4
ЛЯК,lyak,4
ЛЯЛ,lyal,4
ЛЯМ,lyam,4
ЛЯН,lyan,4
ЛЯП,lyap,4
ЛЯР,lyar,4
ЛЯС,lyas,4
ЛЯТ,lyat,4
ЛЯФ,lyaf,4
ЛЯХ,lyakh,4
ЛЯЦ,lyats,4
ЛЯЧ,lyach,4
ЛЯШ,lyash,4
ЛЯЩ,lyashch,4
МАБ,mab,4
МАВ,mav,4
МАГ,mah,4
МАД,mad,4
МАЖ,mazh,4
МАЗ,maz,4
МАЙ,may,4
МАК,mak,4
МАЛ,mal,4
МАМ,mam,4
МАН,man,4
МАП,map,4
МАР,mar,4
МАС,mas,4
МАТ,mat,4
МАФ,maf,4
МАХ,makh,4
МАЦ,mats,4
МАЧ,mach,4
МАШ,mash,4
МАЩ,mashch,4
МЕБ,meb,4
МЕВ,mev,4
МЕГ,meh,4
МЕД,med,4
МЕЖ,mezh,4
МЕЗ,mez,4
МЕЙ,mey,4
МЕК,mek,4
МЕЛ,mel,4
МЕМ,mem,4
МЕН,men,4
МЕП,mep,4
МЕР,mer,4
МЕС,mes,4
МЕТ,met,4
МЕФ,mef,4
МЕХ,mekh,4
МЕЦ,mets,4
МЕЧ,mech,4
МЕШ,mesh,4
МЕЩ,meshch,4
МЄБ,myeb,4
МЄВ,myev,4
МЄГ,myeh,4
МЄД,myed,4
МЄЖ,myezh,4
МЄЗ,myez,4
МЄЙ,myey,4
МЄК,myek,4
МЄЛ,myel,4
МЄМ,myem,4
МЄН,myen,4
МЄП,myep,4
МЄР,myer,4
МЄС,myes,4
МЄТ,myet,4
МЄФ,myef,4
МЄХ,myekh,4
МЄЦ,myets,4
МЄЧ,myech,4
МЄШ,myesh,4
МЄЩ,myeshch,4
МИБ,mib,4
МИВ,miv,4
МИГ,mih,4
МИД,mid,4
МИЖ,mizh,4
МИЗ,miz,4
МИЙ,miy,4
МИК,mik,4
МИЛ,mil,4
МИМ,mim,4
МИН,min,4
МИП,mip,4
МИР,mir,4
МИС,mis,4
МИТ,mit,4
МИФ,mif,4
МИХ,mikh,4
МИЦ,mits,4
МИЧ,mich,4
МИШ,mish,4
МИЩ,mishch,4
МІБ,mib,4
МІВ,miv,4
МІГ,mih,4
МІД,mid,4
МІЖ,mizh,4
МІЗ,miz,4
МІЙ,miy,4
МІК,mik,4
МІЛ,mil,4
МІМ,mim,4
МІН,min,4
МІП,mip,4
МІР,mir,4
МІС,mis,4
МІТ,mit,4
МІФ,mif,4
МІХ,mikh,4
МІЦ,mits,4
МІЧ,mich,4
МІШ,mish,4
МІЩ,mishch,4
МЇБ,myib,4
МЇВ,myiv,4
МЇГ,myih,4
МЇД,myid,4
МЇЖ,myizh,4
МЇЗ,myiz,4
МЇЙ,myiy,4
МЇК,myik,4
МЇЛ,myil,4
МЇМ,myim,4
МЇН,myin,4
МЇП,myip,4
МЇР,myir,4
МЇС,myis,4
МЇТ,myit,4
МЇФ,myif,4
МЇХ,myikh,4
МЇЦ,myits,4
МЇЧ,myich,4
МЇШ,myish,4
МЇЩ,myishch,4
МОБ,mob,4
МОВ,mov,4
МОГ,moh,4
МОД,mod,4
МОЖ,mozh,4
МОЗ,moz,4
МОЙ,moy,4
МОК,mok,4
МОЛ,mol,4
МОМ,mom,4
МОН,mon,4
МОП,mop,4
МОР,mor,4
МОС,mos,4
МОТ,mot,4
МОФ,mof,4
МОХ,mokh,4
МОЦ,mots,4
МОЧ,moch,4
МОШ,mosh,4
МОЩ,moshch,4
МУБ,mub,4
МУВ,muv,4
МУГ,muh,4
МУД,mud,4
МУЖ,muzh,4
МУЗ,muz,4
МУЙ,muy,4
МУК,muk,4
МУЛ,mul,4
МУМ,mum,4
МУН,mun,4
МУП,mup,4
МУР,mur,4
МУС,mus,4
МУТ,mut,4
МУФ,muf,4
МУХ,mukh,4
МУЦ,muts,4
МУЧ,much,4
МУШ,mush,4
МУЩ,mushch,4
МЮБ,myub,4
МЮВ,myuv,4
МЮГ,myuh,4
МЮД,myud,4
МЮЖ,myuzh,4
МЮЗ,myuz,4
МЮЙ,myuy,4
МЮК,myuk,4
МЮЛ,myul,4
МЮМ,myum,4
МЮН,myun,4
МЮП,myup,4
МЮР,myur,4
МЮС,myus,4
МЮТ,myut,4
МЮФ,myuf,4
МЮХ,myukh,4
МЮЦ,myuts,4
МЮЧ,myuch,4
МЮШ,myush,4
МЮЩ,myushch,4
МЯБ,myab,4
МЯВ,myav,4
МЯГ,myah,4
МЯД,myad,4
МЯЖ,myazh,4
МЯЗ,myaz,4
МЯЙ,myay,4
МЯК,myak,4
МЯЛ,myal,4
МЯМ,myam,4
МЯН,myan,4
МЯП,myap,4
МЯР,myar,4
МЯС,myas,4
МЯТ,myat,4
МЯФ,myaf,4
МЯХ,myakh,4
МЯЦ,myats,4
МЯЧ,myach,4
МЯШ,myash,4
МЯЩ,myashch,4
НАБ,nab,4
НАВ,nav,4
НАГ,nah,4
НАД,nad,4
НАЖ,nazh,4
НАЗ,naz,4
НАЙ,nay,4
НАК,nak,4
НАЛ,nal,4
НАМ,nam,4
НАН,nan,4
НАП,nap,4
НАР,nar,4
НАС,nas,4
НАТ,nat,4
НАФ,naf,4
НАХ,nakh,4
НАЦ,nats,4
НАЧ,nach,4
НАШ,nash,4
НАЩ,nashch,4
НЕБ,neb,4
НЕВ,nev,4
НЕГ,neh,4
НЕД,ned,4
НЕЖ,nezh,4
НЕЗ,nez,4
НЕЙ,ney,4
НЕК,nek,4
НЕЛ,nel,4
НЕМ,nem,4
НЕН,nen,4
НЕП,nep,4
НЕР,ner,4
НЕС,nes,4
НЕТ,net,4
НЕФ,nef,4
НЕХ,nekh,4
НЕЦ,nets,4
НЕЧ,nech,4
НЕШ,nesh,4
НЕЩ,neshch,4
НЄБ,nyeb,4
НЄВ,nyev,4
НЄГ,nyeh,4
НЄД,nyed,4
НЄЖ,nyezh,4
НЄЗ,nyez,4
НЄЙ,nyey,4
НЄК,nyek,4
НЄЛ,nyel,4
НЄМ,nyem,4
НЄН,nyen,4
НЄП,nyep,4
НЄР,nyer,4
НЄС,nyes,4
НЄТ,nyet,4
НЄФ,nyef,4
НЄХ,nyekh,4
НЄЦ,nyets,4
НЄЧ,nyech,4
НЄШ,nyesh,4
НЄЩ,nyeshch,4
НИБ,nib,4
НИВ,niv,4
НИГ,nih,4
НИД,nid,4
НИЖ,nizh,4
НИЗ,niz,4
НИЙ,niy,4
НИК,nik,4
НИЛ,nil,4
НИМ,nim,4
НИН,nin,4
НИП,nip,4
НИР,nir,4
НИС,nis,4
НИТ,nit,4
НИФ,nif,4
НИХ,nikh,4
НИЦ,nits,4
НИЧ,nich,4
НИШ,nish,4
НИЩ,nishch,4
НІБ,nib,4
НІВ,niv,4
НІГ,nih,4
НІД,nid,4
НІЖ,nizh,4
НІЗ,niz,4
НІЙ,niy,4
НІК,nik,4
НІЛ,nil,4
НІМ,nim,4
НІН,nin,4
НІП,nip,4
НІР,nir,4
НІС,nis,4
НІТ,nit,4
НІФ,nif,4
НІХ,nikh,4
НІЦ,nits,4
НІЧ,nich,4
НІШ,nish,4
НІЩ,nishch,4
НЇБ,nyib,4
НЇВ,nyiv,4
НЇГ,nyih,4
НЇД,nyid,4
НЇЖ,nyizh,4
НЇЗ,nyiz,4
НЇЙ,nyiy,4
НЇК,nyik,4
НЇЛ,nyil,4
НЇМ,nyim,4
НЇН,nyin,4
НЇП,nyip,4
НЇР,nyir,4
НЇС,nyis,4
НЇТ,nyit,4
НЇФ,nyif,4
НЇХ,nyikh,4
НЇЦ,nyits,4
НЇЧ,nyich,4
НЇШ,nyish,4
НЇЩ,nyishch,4
НОБ,nob,4
НОВ,nov,4
НОГ,noh,4
НОД,nod,4
НОЖ,nozh,4
НОЗ,noz,4
НОЙ,noy,4
НОК,nok,4
НОЛ,nol,4
НОМ,nom,4
НОН,non,4
НОП,nop,4
НОР,nor,4
НОС,nos,4
НОТ,not,4
НОФ,nof,4
НОХ,nokh,4
НОЦ,nots,4
НОЧ,noch,4
НОШ,nosh,4
НОЩ,noshch,4
НУБ,nub,4
НУВ,nuv,4
НУГ,nuh,4
НУД,nud,4
НУЖ,nuzh,4
НУЗ,nuz,4
НУЙ,nuy,4
НУК,nuk,4
НУЛ,nul,4
НУМ,num,4
НУН,nun,4
НУП,nup,4
НУР,nur,4
НУС,nus,4
НУТ,nut,4
НУФ,nuf,4
НУХ,nukh,4
НУЦ,nuts,4
НУЧ,nuch,4
НУШ,nush,4
НУЩ,nushch,4
НЮБ,nyub,4
НЮВ,nyuv,4
НЮГ,nyuh,4
НЮД,nyud,4
НЮЖ,nyuzh,4
НЮЗ,nyuz,4
НЮЙ,nyuy,4
НЮК,nyuk,4
НЮЛ,nyul,4
НЮМ,nyum,4
НЮН,nyun,4
НЮП,nyup,4
НЮР,nyur,4
НЮС,nyus,4
НЮТ,nyut,4
НЮФ,nyuf,4
НЮХ,nyukh,4
НЮЦ,nyuts,4
НЮЧ,nyuch,4
НЮШ,nyush,4
НЮЩ,nyushch,4
НЯБ,nyab,4
НЯВ,nyav,4
НЯГ,nyah,4
НЯД,nyad,4
НЯЖ,nyazh,4
НЯЗ,nyaz,4
НЯЙ,nyay,4
НЯК,nyak,4
НЯЛ,nyal,4
НЯМ,nyam,4
НЯН,nyan,4
НЯП,nyap,4
НЯР,nyar,4
НЯС,nyas,4
НЯТ,nyat,4
НЯФ,nyaf,4
НЯХ,nyakh,4
НЯЦ,nyats,4
НЯЧ,nyach,4
НЯШ,nyash,4
НЯЩ,nyashch,4
ПАБ,pab,4
ПАВ,pav,4
ПАГ,pah,4
ПАД,pad,4
ПАЖ,pazh,4
ПАЗ,paz,4
ПАЙ,pay,4
ПАК,pak,4
ПАЛ,pal,4
ПАМ,pam,4
ПАН,pan,4
ПАП,pap,4
ПАР,par,4
ПАС,pas,4
ПАТ,pat,4
ПАФ,paf,4
ПАХ,pakh,4
ПАЦ,pats,4
ПАЧ,pach,4
ПАШ,pash,4
ПАЩ,pashch,4
ПЕБ,peb,4
ПЕВ,pev,4
ПЕГ,peh,4
ПЕД,ped,4
ПЕЖ,pezh,4
ПЕЗ,pez,4
ПЕЙ,pey,4
ПЕК,pek,4
ПЕЛ,pel,4
ПЕМ,pem,4
ПЕН,pen,4
ПЕП,pep,4
ПЕР,per,4
ПЕС,pes,4
ПЕТ,pet,4
ПЕФ,pef,4
ПЕХ,pekh,4
ПЕЦ,pets,4
ПЕЧ,pech,4
ПЕШ,pesh,4
ПЕЩ,peshch,4
ПЄБ,pyeb,4
ПЄВ,pyev,4
ПЄГ,pyeh,4
ПЄД,pyed,4
ПЄЖ,pyezh,4
ПЄЗ,pyez,4
ПЄЙ,pyey,4
ПЄК,pyek,4
ПЄЛ,pyel,4
ПЄМ,pyem,4
ПЄН,pyen,4
ПЄП,pyep,4
ПЄР,pyer,4
ПЄС,pyes,4
ПЄТ,pyet,4
ПЄФ,pyef,4
ПЄХ,pyekh,4
ПЄЦ,pyets,4
ПЄЧ,pyech,4
ПЄШ,pyesh,4
ПЄЩ,pyeshch,4
ПИБ,pib,4
ПИВ,piv,4
ПИГ,pih,4
ПИД,pid,4
ПИЖ,pizh,4
ПИЗ,piz,4
ПИЙ,piy,4
ПИК,pik,4
ПИЛ,pil,4
ПИМ,pim,4
ПИН,pin,4
ПИП,pip,4
ПИР,pir,4
ПИС,pis,4
ПИТ,pit,4
ПИФ,pif,4
ПИХ,pikh,4
ПИЦ,pits,4
ПИЧ,pich,4
ПИШ,pish,4
ПИЩ,pishch,4
ПІБ,pib,4
ПІВ,piv,4
ПІГ,pih,4
ПІД,pid,4
ПІЖ,pizh,4
ПІЗ,piz,4
ПІЙ,piy,4
ПІК,pik,4
ПІЛ,pil,4
ПІМ,pim,4
ПІН,pin,4
ПІП,pip,4
ПІР,pir,4
ПІС,pis,4
ПІТ,pit,4
ПІФ,pif,4
ПІХ,pikh,4
ПІЦ,pits,4
ПІЧ,pich,4
ПІШ,pish,4
ПІЩ,pishch,4
ПЇБ,pyib,4
ПЇВ,pyiv,4
ПЇГ,pyih,4
ПЇД,pyid,4
ПЇЖ,pyizh,4
ПЇЗ,pyiz,4
ПЇЙ,pyiy,4
ПЇК,pyik,4
ПЇЛ,pyil,4
ПЇМ,pyim,4
ПЇН,pyin,4
ПЇП,pyip,4
ПЇР,pyir,4
ПЇС,pyis,4
ПЇТ,pyit,4
ПЇФ,pyif,4
ПЇХ,pyikh,4
ПЇЦ,pyits,4
ПЇЧ,pyich,4
ПЇШ,pyish,4
ПЇЩ,pyishch,4
ПОБ,pob,4
ПОВ,pov,4
ПОГ,poh,4
ПОД,pod,4
ПОЖ,pozh,4
ПОЗ,poz,4
ПОЙ,poy,4
ПОК,pok,4
ПОЛ,pol,4
ПОМ,pom,4
ПОН,pon,4
ПОП,pop,4
ПОР,por,4
ПОС,pos,4
ПОТ,pot,4
ПОФ,pof,4
ПОХ,pokh,4
ПОЦ,pots,4
ПОЧ,poch,4
ПОШ,posh,4
ПОЩ,poshch,4
ПУБ,pub,4
ПУВ,puv,4
ПУГ,puh,4
ПУД,pud,4
ПУЖ,puzh,4
ПУЗ,puz,4
ПУЙ,puy,4
ПУК,puk,4
ПУЛ,pul,4
ПУМ,pum,4
ПУН,pun,4
ПУП,pup,4
ПУР,pur,4
ПУС,pus,4
ПУТ,put,4
ПУФ,puf,4
ПУХ,pukh,4
ПУЦ,puts,4
ПУЧ,puch,4
ПУШ,push,4
ПУЩ,pushch,4
ПЮБ,pyub,4
ПЮВ,pyuv,4
ПЮГ,pyuh,4
ПЮД,pyud,4
ПЮЖ,pyuzh,4
ПЮЗ,pyuz,4
ПЮЙ,pyuy,4
ПЮК,pyuk,4
ПЮЛ,pyul,4
ПЮМ,pyum,4
ПЮН,pyun,4
ПЮП,pyup,4
ПЮР,pyur,4
ПЮС,pyus,4
ПЮТ,pyut,4
ПЮФ,pyuf,4
ПЮХ,pyukh,4
ПЮЦ,pyuts,4
ПЮЧ,pyuch,4
ПЮШ,pyush,4
ПЮЩ,pyushch,4
ПЯБ,pyab,4
ПЯВ,pyav,4
ПЯГ,pyah,4
ПЯД,pyad,4
ПЯЖ,pyazh,4
ПЯЗ,pyaz,4
ПЯЙ,pyay,4
ПЯК,pyak,4
ПЯЛ,pyal,4
ПЯМ,pyam,4
ПЯН,pyan,4
ПЯП,pyap,4
ПЯР,pyar,4
ПЯС,pyas,4
ПЯТ,pyat,4
ПЯФ,pyaf,4
ПЯХ,pyakh,4
ПЯЦ,pyats,4
ПЯЧ,pyach,4
ПЯШ,pyash,4
ПЯЩ,pyashch,4
РАБ,rab,4
РАВ,rav,4
РАГ,rah,4
РАД,rad,4
РАЖ,razh,4
РАЗ,raz,4
РАЙ,ray,4
РАК,rak,4
РАЛ,ral,4
РАМ,ram,4
РАН,ran,4
РАП,rap,4
РАР,rar,4
РАС,ras,4
РАТ,rat,4
РАФ,raf,4
РАХ,rakh,4
РАЦ,rats,4
РАЧ,rach,4
РАШ,rash,4
РАЩ,rashch,4
РЕБ,reb,4
РЕВ,rev,4
РЕГ,reh,4
РЕД,red,4
РЕЖ,rezh,4
РЕЗ,rez,4
РЕЙ,rey,4
РЕК,rek,4
РЕЛ,rel,4
РЕМ,rem,4
РЕН,ren,4
РЕП,rep,4
РЕР,rer,4
РЕС,res,4
РЕТ,ret,4
РЕФ,ref,4
РЕХ,rekh,4
РЕЦ,rets,4
РЕЧ,rech,4
РЕШ,resh,4
РЕЩ,reshch,4
РЄБ,ryeb,4
РЄВ,ryev,4
РЄГ,ryeh,4
РЄД,ryed,4
РЄЖ,ryezh,4
РЄЗ,ryez,4
РЄЙ,ryey,4
РЄК,ryek,4
РЄЛ,ryel,4
РЄМ,ryem,4
РЄН,ryen,4
РЄП,ryep,4
РЄР,ryer,4
РЄС,ryes,4
РЄТ,ryet,4
РЄФ,ryef,4
РЄХ,ryekh,4
РЄЦ,ryets,4
РЄЧ,ryech,4
РЄШ,ryesh,4
РЄЩ,ryeshch,4
РИБ,rib,4
РИВ,riv,4
РИГ,rih,4
РИД,rid,4
РИЖ,rizh,4
РИЗ,riz,4
РИЙ,riy,4
РИК,rik,4
РИЛ,ril,4
РИМ,rim,4
РИН,rin,4
РИП,rip,4
РИР,rir,4
РИС,ris,4
РИТ,rit,4
РИФ,rif,4
РИХ,rikh,4
РИЦ,rits,4
РИЧ,rich,4
РИШ,rish,4
РИЩ,rishch,4
РІБ,rib,4
РІВ,riv,4
РІГ,rih,4
РІД,rid,4
РІЖ,rizh,4
РІЗ,riz,4
РІЙ,riy,4
РІК,rik,4
РІЛ,ril,4
РІМ,rim,4
РІН,rin,4
РІП,rip,4
РІР,rir,4
РІС,ris,4
РІТ,rit,4
РІФ,rif,4
РІХ,rikh,4
РІЦ,rits,4
РІЧ,rich,4
РІШ,rish,4
РІЩ,rishch,4
РЇБ,ryib,4
РЇВ,ryiv,4
РЇГ,ryih,4
РЇД,ryid,4
РЇЖ,ryizh,4
РЇЗ,ryiz,4
РЇЙ,ryiy,4
РЇК,ryik,4
РЇЛ,ryil,4
РЇМ,ryim,4
РЇН,ryin,4
РЇП,ryip,4
РЇР,ryir,4
РЇС,ryis,4
РЇТ,ryit,4
РЇФ,ryif,4
РЇХ,ryikh,4
РЇЦ,ryits,4
РЇЧ,ryich,4
РЇШ,ryish,4
РЇЩ,ryishch,4
РОБ,rob,4
РОВ,rov,4
РОГ,roh,4
РОД,rod,4
РОЖ,rozh,4
РОЗ,roz,4
РОЙ,roy,4
РОК,rok,4
РОЛ,rol,4
РОМ,rom,4
РОН,ron,4
РОП,rop,4
РОР,ror,4
РОС,ros,4
РОТ,rot,4
РОФ,rof,4
РОХ,rokh,4
РОЦ,rots,4
РОЧ,roch,4
РОШ,rosh,4
РОЩ,roshch,4
РУБ,rub,4
РУВ,ruv,4
РУГ,ruh,4
РУД,rud,4
РУЖ,ruzh,4
РУЗ,ruz,4
РУЙ,ruy,4
РУК,ruk,4
РУЛ,rul,4
РУМ,rum,4
РУН,run,4
РУП,rup,4
РУР,rur,4
РУС,rus,4
РУТ,rut,4
РУФ,ruf,4
РУХ,rukh,4
РУЦ,ruts,4
РУЧ,ruch,4
РУШ,rush,4
РУЩ,rushch,4
РЮБ,ryub,4
РЮВ,ryuv,4
РЮГ,ryuh,4
РЮД,ryud,4
РЮЖ,ryuzh,4
РЮЗ,ryuz,4
РЮЙ,ryuy,4
РЮК,ryuk,4
РЮЛ,ryul,4
РЮМ,ryum,4
РЮН,ryun,4
РЮП,ryup,4
РЮР,ryur,4
РЮС,ryus,4
РЮТ,ryut,4
РЮФ,ryuf,4
РЮХ,ryukh,4
РЮЦ,ryuts,4
РЮЧ,ryuch,4
РЮШ,ryush,4
РЮЩ,ryushch,4
РЯБ,ryab,4
РЯВ,ryav,4
РЯГ,ryah,4
РЯД,ryad,4
РЯЖ,ryazh,4
РЯЗ,ryaz,4
РЯЙ,ryay,4
РЯК,ryak,4
РЯЛ,ryal,4
РЯМ,ryam,4
РЯН,ryan,4
РЯП,ryap,4
РЯР,ryar,4
РЯС,ryas,4
РЯТ,ryat,4
РЯФ,ryaf,4
РЯХ,ryakh,4
РЯЦ,ryats,4
РЯЧ,ryach,4
РЯШ,ryash,4
РЯЩ,ryashch,4
САБ,sab,4
САВ,sav,4
САГ,sah,4
САД,sad,4
САЖ,sazh,4
САЗ,saz,4
САЙ,say,4
САК,sak,4
САЛ,sal,4
САМ,sam,4
САН,san,4
САП,sap,4
САР,sar,4
САС,sas,4
САТ,sat,4
САФ,saf,4
САХ,sakh,4
САЦ,sats,4
САЧ,sach,4
САШ,sash,4
САЩ,sashch,4
СЕБ,seb,4
СЕВ,sev,4
СЕГ,seh,4
СЕД,sed,4
СЕЖ,sezh,4
СЕЗ,sez,4
СЕЙ,sey,4
СЕК,sek,4
СЕЛ,sel,4
СЕМ,sem,4
СЕН,sen,4
СЕП,sep,4
СЕР,ser,4
СЕС,ses,4
СЕТ,set,4
СЕФ,sef,4
СЕХ,sekh,4
СЕЦ,sets,4
СЕЧ,sech,4
СЕШ,sesh,4
СЕЩ,seshch,4
СЄБ,syeb,4
СЄВ,syev,4
СЄГ,syeh,4
СЄД,syed,4
СЄЖ,syezh,4
СЄЗ,syez,4
СЄЙ,syey,4
СЄК,syek,4
СЄЛ,syel,4
СЄМ,syem,4
СЄН,syen,4
СЄП,syep,4
СЄР,syer,4
СЄС,syes,4
СЄТ,syet,4
СЄФ,syef,4
СЄХ,syekh,4
СЄЦ,syets,4
СЄЧ,syech,4
СЄШ,syesh,4
СЄЩ,syeshch,4
СИБ,sib,4
СИВ,siv,4
СИГ,sih,4
СИД,sid,4
СИЖ,sizh,4
СИЗ,siz,4
СИЙ,siy,4
СИК,sik,4
СИЛ,sil,4
СИМ,sim,4
СИН,sin,4
СИП,sip,4
СИР,sir,4
СИС,sis,4
СИТ,sit,4
СИФ,sif,4
СИХ,sikh,4
СИЦ,sits,4
СИЧ,sich,4
СИШ,sish,4
СИЩ,sishch,4
СІБ,sib,4
СІВ,siv,4
СІГ,sih,4
СІД,sid,4
СІЖ,sizh,4
СІЗ,siz,4
СІЙ,siy,4
СІК,sik,4
СІЛ,sil,4
СІМ,sim,4
СІН,sin,4
СІП,sip,4
СІР,sir,4
СІС,sis,4
СІТ,sit,4
СІФ,sif,4
СІХ,sikh,4
СІЦ,sits,4
СІЧ,sich,4
СІШ,sish,4
СІЩ,sishch,4
СЇБ,syib,4
СЇВ,syiv,4
СЇГ,syih,4
СЇД,syid,4
СЇЖ,syizh,4
СЇЗ,syiz,4
СЇЙ,syiy,4
СЇК,syik,4
СЇЛ,syil,4
СЇМ,syim,4
СЇН,syin,4
СЇП,syip,4
СЇР,syir,4
СЇС,syis,4
СЇТ,syit,4
СЇФ,syif,4
СЇХ,syikh,4
СЇЦ,syits,4
СЇЧ,syich,4
СЇШ,syish,4
СЇЩ,syishch,4
СОБ,sob,4
СОВ,sov,4
СОГ,soh,4
СОД,sod,4
СОЖ,sozh,4
СОЗ,soz,4
СОЙ,soy,4
СОК,sok,4
СОЛ,sol,4
СОМ,som,4
СОН,son,4
СОП,sop,4
СОР,sor,4
СОС,sos,4
СОТ,sot,4
СОФ,sof,4
СОХ,sokh,4
СОЦ,sots,4
СОЧ,soch,4
СОШ,sosh,4
СОЩ,soshch,4
СУБ,sub,4
СУВ,suv,4
СУГ,suh,4
СУД,sud,4
СУЖ,suzh,4
СУЗ,suz,4
СУЙ,suy,4
СУК,suk,4
СУЛ,sul,4
СУМ,sum,4
СУН,sun,4
СУП,sup,4
СУР,sur,4
СУС,sus,4
СУТ,sut,4
СУФ,suf,4
СУХ,sukh,4
СУЦ,suts,4
СУЧ,such,4
СУШ,sush,4
СУЩ,sushch,4
СЮБ,syub,4
СЮВ,syuv,4
СЮГ,syuh,4
СЮД,syud,4
СЮЖ,syuzh,4
СЮЗ,syuz,4
СЮЙ,syuy,4
СЮК,syuk,4
СЮЛ,syul,4
СЮМ,syum,4
СЮН,syun,4
СЮП,syup,4
СЮР,syur,4
СЮС,syus,4
СЮТ,syut,4
СЮФ,syuf,4
СЮХ,syukh,4
СЮЦ,syuts,4
СЮЧ,syuch,4
СЮШ,syush,4
СЮЩ,syushch,4
СЯБ,syab,4
СЯВ,syav,4
СЯГ,syah,4
СЯД,syad,4
СЯЖ,syazh,4
СЯЗ,syaz,4
СЯЙ,syay,4
СЯК,syak,4
СЯЛ,syal,4
СЯМ,syam,4
СЯН,syan,4
СЯП,syap,4
СЯР,syar,4
СЯС,syas,4
СЯТ,syat,4
СЯФ,syaf,4
СЯХ,syakh,4
СЯЦ,syats,4
СЯЧ,syach,4
СЯШ,syash,4
СЯЩ,syashch,4
ТАБ,tab,4
ТАВ,tav,4
ТАГ,tah,4
ТАД,tad,4
ТАЖ,tazh,4
ТАЗ,taz,4
ТАЙ,tay,4
ТАК,tak,4
ТАЛ,tal,4
ТАМ,tam,4
ТАН,tan,4
ТАП,tap,4
ТАР,tar,4
ТАС,tas,4
ТАТ,tat,4
ТАФ,taf,4
ТАХ,takh,4
ТАЦ,tats,4
ТАЧ,tach,4
ТАШ,tash,4
ТАЩ,tashch,4
ТЕБ,teb,4
ТЕВ,tev,4
ТЕГ,teh,4
ТЕД,ted,4
ТЕЖ,tezh,4
ТЕЗ,tez,4
ТЕЙ,tey,4
ТЕК,tek,4
ТЕЛ,tel,4
ТЕМ,tem,4
ТЕН,ten,4
ТЕП,tep,4
ТЕР,ter,4
ТЕС,tes,4
ТЕТ,tet,4
ТЕФ,tef,4
ТЕХ,tekh,4
ТЕЦ,tets,4
ТЕЧ,tech,4
ТЕШ,tesh,4
ТЕЩ,teshch,4
ТЄБ,tyeb,4
ТЄВ,tyev,4
ТЄГ,tyeh,4
ТЄД,tyed,4
ТЄЖ,tyezh,4
ТЄЗ,tyez,4
ТЄЙ,tyey,4
ТЄК,tyek,4
ТЄЛ,tyel,4
ТЄМ,tyem,4
ТЄН,tyen,4
ТЄП,tyep,4
ТЄР,tyer,4
ТЄС,tyes,4
ТЄТ,tyet,4
ТЄФ,tyef,4
ТЄХ,tyekh,4
ТЄЦ,tyets,4
ТЄЧ,tyech,4
ТЄШ,tyesh,4
ТЄЩ,tyeshch,4
ТИБ,tib,4
ТИВ,tiv,4
ТИГ,tih,4
ТИД,tid,4
ТИЖ,tizh,4
ТИЗ,tiz,4
ТИЙ,tiy,4
ТИК,tik,4
ТИЛ,til,4
ТИМ,tim,4
ТИН,tin,4
ТИП,tip,4
ТИР,tir,4
ТИС,tis,4
ТИТ,tit,4
ТИФ,tif,4
ТИХ,tikh,4
ТИЦ,tits,4
ТИЧ,tich,4
ТИШ,tish,4
ТИЩ,tishch,4
ТІБ,tib,4
ТІВ,tiv,4
ТІГ,tih,4
ТІД,tid,4
ТІЖ,tizh,4
ТІЗ,tiz,4
ТІЙ,tiy,4
ТІК,tik,4
ТІЛ,til,4
ТІМ,tim,4
ТІН,tin,4
ТІП,tip,4
ТІР,tir,4
ТІС,tis,4
ТІТ,tit,4
ТІФ,tif,4
ТІХ,tikh,4
ТІЦ,tits,4
ТІЧ,tich,4
ТІШ,tish,4
ТІЩ,tishch,4
ТЇБ,tyib,4
ТЇВ,tyiv,4
ТЇГ,tyih,4
ТЇД,tyid,4
ТЇЖ,tyizh,4
ТЇЗ,tyiz,4
ТЇЙ,tyiy,4
ТЇК,tyik,4
ТЇЛ,tyil,4
ТЇМ,tyim,4
ТЇН,tyin,4
ТЇП,tyip,4
ТЇР,tyir,4
ТЇС,tyis,4
ТЇТ,tyit,4
ТЇФ,tyif,4
ТЇХ,tyikh,4
ТЇЦ,tyits,4
ТЇЧ,tyich,4
ТЇШ,tyish,4
ТЇЩ,tyishch,4
ТОБ,tob,4
ТОВ,tov,4
ТОГ,toh,4
ТОД,tod,4
ТОЖ,tozh,4
ТОЗ,toz,4
ТОЙ,toy,4
ТОК,tok,4
ТОЛ,tol,4
ТОМ,tom,4
ТОН,ton,4
ТОП,top,4
ТОР,tor,4
ТОС,tos,4
ТОТ,tot,4
ТОФ,tof,4
ТОХ,tokh,4
ТОЦ,tots,4
ТОЧ,toch,4
ТОШ,tosh,4
ТОЩ,toshch,4
ТУБ,tub,4
ТУВ,tuv,4
ТУГ,tuh,4
ТУД,tud,4
ТУЖ,tuzh,4
ТУЗ,tuz,4
ТУЙ,tuy,4
ТУК,tuk,4
ТУЛ,tul,4
ТУМ,tum,4
ТУН,tun,4
ТУП,tup,4
ТУР,tur,4
ТУС,tus,4
ТУТ,tut,4
ТУФ,tuf,4
ТУХ,tukh,4
ТУЦ,tuts,4
ТУЧ,tuch,4
ТУШ,tush,4
ТУЩ,tushch,4
ТЮБ,tyub,4
ТЮВ,tyuv,4
ТЮГ,tyuh,4
ТЮД,tyud,4
ТЮЖ,tyuzh,4
ТЮЗ,tyuz,4
ТЮЙ,tyuy,4
ТЮК,tyuk,4
ТЮЛ,tyul,4
ТЮМ,tyum,4
ТЮН,tyun,4
ТЮП,tyup,4
ТЮР,tyur,4
ТЮС,tyus,4
ТЮТ,tyut,4
ТЮФ,tyuf,4
ТЮХ,tyukh,4
ТЮЦ,tyuts,4
ТЮЧ,tyuch,4
ТЮШ,tyush,4
ТЮЩ,tyushch,4
ТЯБ,tyab,4
ТЯВ,tyav,4
ТЯГ,tyah,4
ТЯД,tyad,4
ТЯЖ,tyazh,4
ТЯЗ,tyaz,4
ТЯЙ,tyay,4
ТЯК,tyak,4
ТЯЛ,tyal,4
ТЯМ,tyam,4
ТЯН,tyan,4
ТЯП,tyap,4
ТЯР,tyar,4
ТЯС,tyas,4
ТЯТ,tyat,4
ТЯФ,tyaf,4
ТЯХ,tyakh,4
ТЯЦ,tyats,4
ТЯЧ,tyach,4
ТЯШ,tyash,4
ТЯЩ,tyashch,4
ФАБ,fab,4
ФАВ,fav,4
ФАГ,fah,4
ФАД,fad,4
ФАЖ,fazh,4
ФАЗ,faz,4
ФАЙ,fay,4
ФАК,fak,4
ФАЛ,fal,4
ФАМ,fam,4
ФАН,fan,4
ФАП,fap,4
ФАР,far,4
ФАС,fas,4
ФАТ,fat,4
ФАФ,faf,4
ФАХ,fakh,4
ФАЦ,fats,4
ФАЧ,fach,4
ФАШ,fash,4
ФАЩ,fashch,4
ФЕБ,feb,4
ФЕВ,fev,4
ФЕГ,feh,4
ФЕД,fed,4
ФЕЖ,fezh,4
ФЕЗ,fez,4
ФЕЙ,fey,4
ФЕК,fek,4
ФЕЛ,fel,4
ФЕМ,fem,4
ФЕН,fen,4
ФЕП,fep,4
ФЕР,fer,4
ФЕС,fes,4
ФЕТ,fet,4
ФЕФ,fef,4
ФЕХ,fekh,4
ФЕЦ,fets,4
ФЕЧ,fech,4
ФЕШ,fesh,4
ФЕЩ,feshch,4
ФЄБ,fyeb,4
ФЄВ,fyev,4
ФЄГ,fyeh,4
ФЄД,fyed,4
ФЄЖ,fyezh,4
ФЄЗ,fyez,4
ФЄЙ,fyey,4
ФЄК,fyek,4
ФЄЛ,fyel,4
ФЄМ,fyem,4
ФЄН,fyen,4
ФЄП,fyep,4
ФЄР,fyer,4
ФЄС,fyes,4
ФЄТ,fyet,4
ФЄФ,fyef,4
ФЄХ,fyekh,4
ФЄЦ,fyets,4
ФЄЧ,fyech,4
ФЄШ,fyesh,4
ФЄЩ,fyeshch,4
ФИБ,fib,4
ФИВ,fiv,4
ФИГ,fih,4
ФИД,fid,4
ФИЖ,fizh,4
ФИЗ,fiz,4
ФИЙ,fiy,4
ФИК,fik,4
ФИЛ,fil,4
ФИМ,fim,4
ФИН,fin,4
ФИП,fip,4
ФИР,fir,4
ФИС,fis,4
ФИТ,fit,4
ФИФ,fif,4
ФИХ,fikh,4
ФИЦ,fits,4
ФИЧ,fich,4
ФИШ,fish,4
ФИЩ,fishch,4
ФІБ,fib,4
ФІВ,fiv,4
ФІГ,fih,4
ФІД,fid,4
ФІЖ,fizh,4
ФІЗ,fiz,4
ФІЙ,fiy,4
ФІК,fik,4
ФІЛ,fil,4
ФІМ,fim,4
ФІН,fin,4
ФІП,fip,4
ФІР,fir,4
ФІС,fis,4
ФІТ,fit,4
ФІФ,fif,4
ФІХ,fikh,4
ФІЦ,fits,4
ФІЧ,fich,4
ФІШ,fish,4
ФІЩ,fishch,4
ФЇБ,fyib,4
ФЇВ,fyiv,4
ФЇГ,fyih,4
ФЇД,fyid,4
ФЇЖ,fyizh,4
ФЇЗ,fyiz,4
ФЇЙ,fyiy,4
ФЇК,fyik,4
ФЇЛ,fyil,4
ФЇМ,fyim,4
ФЇН,fyin,4
ФЇП,fyip,4
ФЇР,fyir,4
ФЇС,fyis,4
ФЇТ,fyit,4
ФЇФ,fyif,4
ФЇХ,fyikh,4
ФЇЦ,fyits,4
ФЇЧ,fyich,4
ФЇШ,fyish,4
ФЇЩ,fyishch,4
ФОБ,fob,4
ФОВ,fov,4
ФОГ,foh,4
ФОД,fod,4
ФОЖ,fozh,4
ФОЗ,foz,4
ФОЙ,foy,4
ФОК,fok,4
ФОЛ,fol,4
ФОМ,fom,4
ФОН,fon,4
ФОП,fop,4
ФОР,for,4
ФОС,fos,4
ФОТ,fot,4
ФОФ,fof,4
ФОХ,fokh,4
ФОЦ,fots,4
ФОЧ,foch,4
ФОШ,fosh,4
ФОЩ,foshch,4
ФУБ,fub,4
ФУВ,fuv,4
ФУГ,fuh,4
ФУД,fud,4
ФУЖ,fuzh,4
ФУЗ,fuz,4
ФУЙ,fuy,4
ФУК,fuk,4
ФУЛ,ful,4
ФУМ,fum,4
ФУН,fun,4
ФУП,fup,4
ФУР,fur,4
ФУС,fus,4
ФУТ,fut,4
ФУФ,fuf,4
ФУХ,fukh,4
ФУЦ,futs,4
ФУЧ,fuch,4
ФУШ,fush,4
ФУЩ,fushch,4
ФЮБ,fyub,4
ФЮВ,fyuv,4
ФЮГ,fyuh,4
ФЮД,fyud,4
ФЮЖ,fyuzh,4
ФЮЗ,fyuz,4
ФЮЙ,fyuy,4
ФЮК,fyuk,4
ФЮЛ,fyul,4
ФЮМ,fyum,4
ФЮН,fyun,4
ФЮП,fyup,4
ФЮР,fyur,4
ФЮС,fyus,4
ФЮТ,fyut,4
ФЮФ,fyuf,4
ФЮХ,fyukh,4
ФЮЦ,fyuts,4
ФЮЧ,fyuch,4
ФЮШ,fyush,4
ФЮЩ,fyushch,4
ФЯБ,fyab,4
ФЯВ,fyav,4
ФЯГ,fyah,4
ФЯД,fyad,4
ФЯЖ,fyazh,4
ФЯЗ,fyaz,4
ФЯЙ,fyay,4
ФЯК,fyak,4
ФЯЛ,fyal,4
ФЯМ,fyam,4
ФЯН,fyan,4
ФЯП,fyap,4
ФЯР,fyar,4
ФЯС,fyas,4
ФЯТ,fyat,4
ФЯФ,fyaf,4
ФЯХ,fyakh,4
ФЯЦ,fyats,4
ФЯЧ,fyach,4
ФЯШ,fyash,4
ФЯЩ,fyashch,4
ХАБ,khab,4
ХАВ,khav,4
ХАГ,khah,4
ХАД,khad,4
ХАЖ,khazh,4
ХАЗ,khaz,4
ХАЙ,khay,4
ХАК,khak,4
ХАЛ,khal,4
ХАМ,kham,4
ХАН,khan,4
ХАП,khap,4
ХАР,khar,4
ХАС,khas,4
ХАТ,khat,4
ХАФ,khaf,4
ХАХ,khakh,4
ХАЦ,khats,4
ХАЧ,khach,4
ХАШ,khash,4
ХАЩ,khashch,4
ХЕБ,kheb,4
ХЕВ,khev,4
ХЕГ,kheh,4
ХЕД,khed,4
ХЕЖ,khezh,4
ХЕЗ,khez,4
ХЕЙ,khey,4
ХЕК,khek,4
ХЕЛ,khel,4
ХЕМ,khem,4
ХЕН,khen,4
ХЕП,khep,4
ХЕР,kher,4
ХЕС,khes,4
ХЕТ,khet,4
ХЕФ,khef,4
ХЕХ,khekh,4
ХЕЦ,khets,4
ХЕЧ,khech,4
ХЕШ,khesh,4
ХЕЩ,kheshch,4
ХЄБ,khyeb,4
ХЄВ,khyev,4
ХЄГ,khyeh,4
ХЄД,khyed,4
ХЄЖ,khyezh,4
ХЄЗ,khyez,4
ХЄЙ,khyey,4
ХЄК,khyek,4
ХЄЛ,khyel,4
ХЄМ,khyem,4
ХЄН,khyen,4
ХЄП,khyep,4
ХЄР,khyer,4
ХЄС,khyes,4
ХЄТ,khyet,4
ХЄФ,khyef,4
ХЄХ,khyekh,4
ХЄЦ,khyets,4
ХЄЧ,khyech,4
ХЄШ,khyesh,4
ХЄЩ,khyeshch,4
ХИБ,khib,4
ХИВ,khiv,4
ХИГ,khih,4
ХИД,khid,4
ХИЖ,khizh,4
ХИЗ,khiz,4
ХИЙ,khiy,4
ХИК,khik,4
ХИЛ,khil,4
ХИМ,khim,4
ХИН,khin,4
ХИП,khip,4
ХИР,khir,4
ХИС,khis,4
ХИТ,khit,4
ХИФ,khif,4
ХИХ,khikh,4
ХИЦ,khits,4
ХИЧ,khich,4
ХИШ,khish,4
ХИЩ,khishch,4
ХІБ,khib,4
ХІВ,khiv,4
ХІГ,khih,4
ХІД,khid,4
ХІЖ,khizh,4
ХІЗ,khiz,4
ХІЙ,khiy,4
ХІК,khik,4
ХІЛ,khil,4
ХІМ,khim,4
ХІН,khin,4
ХІП,khip,4
ХІР,khir,4
ХІС,khis,4
ХІТ,khit,4
ХІФ,khif,4
ХІХ,khikh,4
ХІЦ,khits,4
ХІЧ,khich,4
ХІШ,khish,4
ХІЩ,khishch,4
ХЇБ,khyib,4
ХЇВ,khyiv,4
ХЇГ,khyih,4
ХЇД,khyid,4
ХЇЖ,khyizh,4
ХЇЗ,khyiz,4
ХЇЙ,khyiy,4
ХЇК,khyik,4
ХЇЛ,khyil,4
ХЇМ,khyim,4
ХЇН,khyin,4
ХЇП,khyip,4
ХЇР,khyir,4
ХЇС,khyis,4
ХЇТ,khyit,4
ХЇФ,khyif,4
ХЇХ,khyikh,4
ХЇЦ,khyits,4
ХЇЧ,khyich,4
ХЇШ,khyish,4
ХЇЩ,khyishch,4
ХОБ,khob,4
ХОВ,khov,4
ХОГ,khoh,4
ХОД,khod,4
ХОЖ,khozh,4
ХОЗ,khoz,4
ХОЙ,khoy,4
ХОК,khok,4
ХОЛ,khol,4
ХОМ,khom,4
ХОН,khon,4
ХОП,khop,4
ХОР,khor,4
ХОС,khos,4
ХОТ,khot,4
ХОФ,khof,4
ХОХ,khokh,4
ХОЦ,khots,4
ХОЧ,khoch,4
ХОШ,khosh,4
ХОЩ,khoshch,4
ХУБ,khub,4
ХУВ,khuv,4
ХУГ,khuh,4
ХУД,khud,4
ХУЖ,khuzh,4
ХУЗ,khuz,4
ХУЙ,khuy,4
ХУК,khuk,4
ХУЛ,khul,4
ХУМ,khum,4
ХУН,khun,4
ХУП,khup,4
ХУР,khur,4
ХУС,khus,4
ХУТ,khut,4
ХУФ,khuf,4
ХУХ,khukh,4
ХУЦ,khuts,4
ХУЧ,khuch,4
ХУШ,khush,4
ХУЩ,khushch,4
ХЮБ,khyub,4
ХЮВ,khyuv,4
ХЮГ,khyuh,4
ХЮД,khyud,4
ХЮЖ,khyuzh,4
ХЮЗ,khyuz,4
ХЮЙ,khyuy,4
ХЮК,khyuk,4
ХЮЛ,khyul,4
ХЮМ,khyum,4
ХЮН,khyun,4
ХЮП,khyup,4
ХЮР,khyur,4
ХЮС,khyus,4
ХЮТ,khyut,4
ХЮФ,khyuf,4
ХЮХ,khyukh,4
ХЮЦ,khyuts,4
ХЮЧ,khyuch,4
ХЮШ,khyush,4
ХЮЩ,khyushch,4
ХЯБ,khyab,4
ХЯВ,khyav,4
ХЯГ,khyah,4
ХЯД,khyad,4
ХЯЖ,khyazh,4
ХЯЗ,khyaz,4
ХЯЙ,khyay,4
ХЯК,khyak,4
ХЯЛ,khyal,4
ХЯМ,khyam,4
ХЯН,khyan,4
ХЯП,khyap,4
ХЯР,khyar,4
ХЯС,khyas,4
ХЯТ,khyat,4
ХЯФ,khyaf,4
ХЯХ,khyakh,4
ХЯЦ,khyats,4
ХЯЧ,khyach,4
ХЯШ,khyash,4
ХЯЩ,khyashch,4
ЦАБ,tsab,4
ЦАВ,tsav,4
ЦАГ,tsah,4
ЦАД,tsad,4
ЦАЖ,tsazh,4
ЦАЗ,tsaz,4
ЦАЙ,tsay,4
ЦАК,tsak,4
ЦАЛ,tsal,4
ЦАМ,tsam,4
ЦАН,tsan,4
ЦАП,tsap,4
ЦАР,tsar,4
ЦАС,tsas,4
ЦАТ,tsat,4
ЦАФ,tsaf,4
ЦАХ,tsakh,4
ЦАЦ,tsats,4
ЦАЧ,tsach,4
ЦАШ,tsash,4
ЦАЩ,tsashch,4
ЦЕБ,tseb,4
ЦЕВ,tsev,4
ЦЕГ,tseh,4
ЦЕД,tsed,4
ЦЕЖ,tsezh,4
ЦЕЗ,tsez,4
ЦЕЙ,tsey,4
ЦЕК,tsek,4
ЦЕЛ,tsel,4
ЦЕМ,tsem,4
ЦЕН,tsen,4
ЦЕП,tsep,4
ЦЕР,tser,4
ЦЕС,tses,4
ЦЕТ,tset,4
ЦЕФ,tsef,4
ЦЕХ,tsekh,4
ЦЕЦ,tsets,4
ЦЕЧ,tsech,4
ЦЕШ,tsesh,4
ЦЕЩ,tseshch,4
ЦЄБ,tsyeb,4
ЦЄВ,tsyev,4
ЦЄГ,tsyeh,4
ЦЄД,tsyed,4
ЦЄЖ,tsyezh,4
ЦЄЗ,tsyez,4
ЦЄЙ,tsyey,4
ЦЄК,tsyek,4
ЦЄЛ,tsyel,4
ЦЄМ,tsyem,4
ЦЄН,tsyen,4
ЦЄП,tsyep,4
ЦЄР,tsyer,4
ЦЄС,tsyes,4
ЦЄТ,tsyet,4
ЦЄФ,tsyef,4
ЦЄХ,tsyekh,4
ЦЄЦ,tsyets,4
ЦЄЧ,tsyech,4
ЦЄШ,tsyesh,4
ЦЄЩ,tsyeshch,4
ЦИБ,tsib,4
ЦИВ,tsiv,4
ЦИГ,tsih,4
ЦИД,tsid,4
ЦИЖ,tsizh,4
ЦИЗ,tsiz,4
ЦИЙ,tsiy,4
ЦИК,tsik,4
ЦИЛ,tsil,4
ЦИМ,tsim,4
ЦИН,tsin,4
ЦИП,tsip,4
ЦИР,tsir,4
ЦИС,tsis,4
ЦИТ,tsit,4
ЦИФ,tsif,4
ЦИХ,tsikh,4
ЦИЦ,tsits,4
ЦИЧ,tsich,4
ЦИШ,tsish,4
ЦИЩ,tsishch,4
ЦІБ,tsib,4
ЦІВ,tsiv,4
ЦІГ,tsih,4
ЦІД,tsid,4
ЦІЖ,tsizh,4
ЦІЗ,tsiz,4
ЦІЙ,tsiy,4
ЦІК,tsik,4
ЦІЛ,tsil,4
ЦІМ,tsim,4
ЦІН,tsin,4
ЦІП,tsip,4
ЦІР,tsir,4
ЦІС,tsis,4
ЦІТ,tsit,4
ЦІФ,tsif,4
ЦІХ,tsikh,4
ЦІЦ,tsits,4
ЦІЧ,tsich,4
ЦІШ,tsish,4
ЦІЩ,tsishch,4
ЦЇБ,tsyib,4
ЦЇВ,tsyiv,4
ЦЇГ,tsyih,4
ЦЇД,tsyid,4
ЦЇЖ,tsyizh,4
ЦЇЗ,tsyiz,4
ЦЇЙ,tsyiy,4
ЦЇК,tsyik,4
ЦЇЛ,tsyil,4
ЦЇМ,tsyim,4
ЦЇН,tsyin,4
ЦЇП,tsyip,4
ЦЇР,tsyir,4
ЦЇС,tsyis,4
ЦЇТ,tsyit,4
ЦЇФ,tsyif,4
ЦЇХ,tsyikh,4
ЦЇЦ,tsyits,4
ЦЇЧ,tsyich,4
ЦЇШ,tsyish,4
ЦЇЩ,tsyishch,4
ЦОБ,tsob,4
ЦОВ,tsov,4
ЦОГ,tsoh,4
ЦОД,tsod,4
ЦОЖ,tsozh,4
ЦОЗ,tsoz,4
ЦОЙ,tsoy,4
ЦОК,tsok,4
ЦОЛ,tsol,4
ЦОМ,tsom,4
ЦОН,tson,4
ЦОП,tsop,4
ЦОР,tsor,4
ЦОС,tsos,4
ЦОТ,tsot,4
ЦОФ,tsof,4
ЦОХ,tsokh,4
ЦОЦ,tsots,4
ЦОЧ,tsoch,4
ЦОШ,tsosh,4
ЦОЩ,tsoshch,4
ЦУБ,tsub,4
ЦУВ,tsuv,4
ЦУГ,tsuh,4
ЦУД,tsud,4
ЦУЖ,tsuzh,4
ЦУЗ,tsuz,4
ЦУЙ,tsuy,4
ЦУК,tsuk,4
ЦУЛ,tsul,4
ЦУМ,tsum,4
ЦУН,tsun,4
ЦУП,tsup,4
ЦУР,tsur,4
ЦУС,tsus,4
ЦУТ,tsut,4
ЦУФ,tsuf,4
ЦУХ,tsukh,4
ЦУЦ,tsuts,4
ЦУЧ,tsuch,4
ЦУШ,tsush,4
ЦУЩ,tsushch,4
ЦЮБ,tsyub,4
ЦЮВ,tsyuv,4
ЦЮГ,tsyuh,4
ЦЮД,tsyud,4
ЦЮЖ,tsyuzh,4
ЦЮЗ,tsyuz,4
ЦЮЙ,tsyuy,4
ЦЮК,tsyuk,4
ЦЮЛ,tsyul,4
ЦЮМ,tsyum,4
ЦЮН,tsyun,4
ЦЮП,tsyup,4
ЦЮР,tsyur,4
ЦЮС,tsyus,4
ЦЮТ,tsyut,4
ЦЮФ,tsyuf,4
ЦЮХ,tsyukh,4
ЦЮЦ,tsyuts,4
ЦЮЧ,tsyuch,4
ЦЮШ,tsyush,4
ЦЮЩ,tsyushch,4
ЦЯБ,tsyab,4
ЦЯВ,tsyav,4
ЦЯГ,tsyah,4
ЦЯД,tsyad,4
ЦЯЖ,tsyazh,4
ЦЯЗ,tsyaz,4
ЦЯЙ,tsyay,4
ЦЯК,tsyak,4
ЦЯЛ,tsyal,4
ЦЯМ,tsyam,4
ЦЯН,tsyan,4
ЦЯП,tsyap,4
ЦЯР,tsyar,4
ЦЯС,tsyas,4
ЦЯТ,tsyat,4
ЦЯФ,tsyaf,4
ЦЯХ,tsyakh,4
ЦЯЦ,tsyats,4
ЦЯЧ,tsyach,4
ЦЯШ,tsyash,4
ЦЯЩ,tsyashch,4
ЧАБ,chab,4
ЧАВ,chav,4
ЧАГ,chah,4
ЧАД,chad,4
ЧАЖ,chazh,4
ЧАЗ,chaz,4
ЧАЙ,chay,4
ЧАК,chak,4
ЧАЛ,chal,4
ЧАМ,cham,4
ЧАН,chan,4
ЧАП,chap,4
ЧАР,char,4
ЧАС,chas,4
ЧАТ,chat,4
ЧАФ,chaf,4
ЧАХ,chakh,4
ЧАЦ,chats,4
ЧАЧ,chach,4
ЧАШ,chash,4
ЧАЩ,chashch,4
ЧЕБ,cheb,4
ЧЕВ,chev,4
ЧЕГ,cheh,4
ЧЕД,ched,4
ЧЕЖ,chezh,4
ЧЕЗ,chez,4
ЧЕЙ,chey,4
ЧЕК,chek,4
ЧЕЛ,chel,4
ЧЕМ,chem,4
ЧЕН,chen,4
ЧЕП,chep,4
ЧЕР,cher,4
ЧЕС,ches,4
ЧЕТ,chet,4
ЧЕФ,chef,4
ЧЕХ,chekh,4
ЧЕЦ,chets,4
ЧЕЧ,chech,4
ЧЕШ,chesh,4
ЧЕЩ,cheshch,4
ЧЄБ,chyeb,4
ЧЄВ,chyev,4
ЧЄГ,chyeh,4
ЧЄД,chyed,4
ЧЄЖ,chyezh,4
ЧЄЗ,chyez,4
ЧЄЙ,chyey,4
ЧЄК,chyek,4
ЧЄЛ,chyel,4
ЧЄМ,chyem,4
ЧЄН,chyen,4
ЧЄП,chyep,4
ЧЄР,chyer,4
ЧЄС,chyes,4
ЧЄТ,chyet,4
ЧЄФ,chyef,4
ЧЄХ,chyekh,4
ЧЄЦ,chyets,4
ЧЄЧ,chyech,4
ЧЄШ,chyesh,4
ЧЄЩ,chyeshch,4
ЧИБ,chib,4
ЧИВ,chiv,4
ЧИГ,chih,4
ЧИД,chid,4
ЧИЖ,chizh,4
ЧИЗ,chiz,4
ЧИЙ,chiy,4
ЧИК,chik,4
ЧИЛ,chil,4
ЧИМ,chim,4
ЧИН,chin,4
ЧИП,chip,4
ЧИР,chir,4
ЧИС,chis,4
ЧИТ,chit,4
ЧИФ,chif,4
ЧИХ,chikh,4
ЧИЦ,chits,4
ЧИЧ,chich,4
ЧИШ,chish,4
ЧИЩ,chishch,4
ЧІБ,chib,4
ЧІВ,chiv,4
ЧІГ,chih,4
ЧІД,chid,4
ЧІЖ,chizh,4
ЧІЗ,chiz,4
ЧІЙ,chiy,4
ЧІК,chik,4
ЧІЛ,chil,4
ЧІМ,chim,4
ЧІН,chin,4
ЧІП,chip,4
ЧІР,chir,4
ЧІС,chis,4
ЧІТ,chit,4
ЧІФ,chif,4
ЧІХ,chikh,4
ЧІЦ,chits,4
ЧІЧ,chich,4
ЧІШ,chish,4
ЧІЩ,chishch,4
ЧЇБ,chyib,4
ЧЇВ,chyiv,4
ЧЇГ,chyih,4
ЧЇД,chyid,4
ЧЇЖ,chyizh,4
ЧЇЗ,chyiz,4
ЧЇЙ,chyiy,4
ЧЇК,chyik,4
ЧЇЛ,chyil,4
ЧЇМ,chyim,4
ЧЇН,chyin,4
ЧЇП,chyip,4
ЧЇР,chyir,4
ЧЇС,chyis,4
ЧЇТ,chyit,4
ЧЇФ,chyif,4
ЧЇХ,chyikh,4
ЧЇЦ,chyits,4
ЧЇЧ,chyich,4
ЧЇШ,chyish,4
ЧЇЩ,chyishch,4
ЧОБ,chob,4
ЧОВ,chov,4
ЧОГ,choh,4
ЧОД,chod,4
ЧОЖ,chozh,4
ЧОЗ,choz,4
ЧОЙ,choy,4
ЧОК,chok,4
ЧОЛ,chol,4
ЧОМ,chom,4
ЧОН,chon,4
ЧОП,chop,4
ЧОР,chor,4
ЧОС,chos,4
ЧОТ,chot,4
ЧОФ,chof,4
ЧОХ,chokh,4
ЧОЦ,chots,4
ЧОЧ,choch,4
ЧОШ,chosh,4
ЧОЩ,choshch,4
ЧУБ,chub,4
ЧУВ,chuv,4
ЧУГ,chuh,4
ЧУД,chud,4
ЧУЖ,chuzh,4
ЧУЗ,chuz,4
ЧУЙ,chuy,4
ЧУК,chuk,4
ЧУЛ,chul,4
ЧУМ,chum,4
ЧУН,chun,4
ЧУП,chup,4
ЧУР,chur,4
ЧУС,chus,4
ЧУТ,chut,4
ЧУФ,chuf,4
ЧУХ,chukh,4
ЧУЦ,chuts,4
ЧУЧ,chuch,4
ЧУШ,chush,4
ЧУЩ,chushch,4
ЧЮБ,chyub,4
ЧЮВ,chyuv,4
ЧЮГ,chyuh,4
ЧЮД,chyud,4
ЧЮЖ,chyuzh,4
ЧЮЗ,chyuz,4
ЧЮЙ,chyuy,4
ЧЮК,chyuk,4
ЧЮЛ,chyul,4
ЧЮМ,chyum,4
ЧЮН,chyun,4
ЧЮП,chyup,4
ЧЮР,chyur,4
ЧЮС,chyus,4
ЧЮТ,chyut,4
ЧЮФ,chyuf,4
ЧЮХ,chyukh,4
ЧЮЦ,chyuts,4
ЧЮЧ,chyuch,4
ЧЮШ,chyush,4
ЧЮЩ,chyushch,4
ЧЯБ,chyab,4
ЧЯВ,chyav,4
ЧЯГ,chyah,4
ЧЯД,chyad,4
ЧЯЖ,chyazh,4
ЧЯЗ,chyaz,4
ЧЯЙ,chyay,4
ЧЯК,chyak,4
ЧЯЛ,chyal,4
ЧЯМ,chyam,4
ЧЯН,chyan,4
ЧЯП,chyap,4
ЧЯР,chyar,4
ЧЯС,chyas,4
ЧЯТ,chyat,4
ЧЯФ,chyaf,4
ЧЯХ,chyakh,4
ЧЯЦ,chyats,4
ЧЯЧ,chyach,4
ЧЯШ,chyash,4
ЧЯЩ,chyashch,4
ШАБ,shab,4
ШАВ,shav,4
ШАГ,shah,4
ШАД,shad,4
ШАЖ,shazh,4
ШАЗ,shaz,4
ШАЙ,shay,4
ШАК,shak,4
ШАЛ,shal,4
ШАМ,sham,4
ШАН,shan,4
ШАП,shap,4
ШАР,shar,4
ШАС,shas,4
ШАТ,shat,4
ШАФ,shaf,4
ШАХ,shakh,4
ШАЦ,shats,4
ШАЧ,shach,4
ШАШ,shash,4
ШАЩ,shashch,4
ШЕБ,sheb,4
ШЕВ,shev,4
ШЕГ,sheh,4
ШЕД,shed,4
ШЕЖ,shezh,4
ШЕЗ,shez,4
ШЕЙ,shey,4
ШЕК,shek,4
ШЕЛ,shel,4
ШЕМ,shem,4
ШЕН,shen,4
ШЕП,shep,4
ШЕР,sher,4
ШЕС,shes,4
ШЕТ,shet,4
ШЕФ,shef,4
ШЕХ,shekh,4
ШЕЦ,shets,4
ШЕЧ,shech,4
ШЕШ,shesh,4
ШЕЩ,sheshch,4
ШЄБ,shyeb,4
ШЄВ,shyev,4
ШЄГ,shyeh,4
ШЄД,shyed,4
ШЄЖ,shyezh,4
ШЄЗ,shyez,4
ШЄЙ,shyey,4
ШЄК,shyek,4
ШЄЛ,shyel,4
ШЄМ,shyem,4
ШЄН,shyen,4
ШЄП,shyep,4
ШЄР,shyer,4
ШЄС,shyes,4
ШЄТ,shyet,4
ШЄФ,shyef,4
ШЄХ,shyekh,4
ШЄЦ,shyets,4
ШЄЧ,shyech,4
ШЄШ,shyesh,4
ШЄЩ,shyeshch,4
ШИБ,shib,4
ШИВ,shiv,4
ШИГ,shih,4
ШИД,shid,4
ШИЖ,shizh,4
ШИЗ,shiz,4
ШИЙ,shiy,4
ШИК,shik,4
ШИЛ,shil,4
ШИМ,shim,4
ШИН,shin,4
ШИП,ship,4
ШИР,shir,4
ШИС,shis,4
ШИТ,shit,4
ШИФ,shif,4
ШИХ,shikh,4
ШИЦ,shits,4
ШИЧ,shich,4
ШИШ,shish,4
ШИЩ,shishch,4
ШІБ,shib,4
ШІВ,shiv,4
ШІГ,shih,4
ШІД,shid,4
ШІЖ,shizh,4
ШІЗ,shiz,4
ШІЙ,shiy,4
ШІК,shik,4
ШІЛ,shil,4
ШІМ,shim,4
ШІН,shin,4
ШІП,ship,4
ШІР,shir,4
ШІС,shis,4
ШІТ,shit,4
ШІФ,shif,4
ШІХ,shikh,4
ШІЦ,shits,4
ШІЧ,shich,4
ШІШ,shish,4
ШІЩ,shishch,4
ШЇБ,shyib,4
ШЇВ,shyiv,4
ШЇГ,shyih,4
ШЇД,shyid,4
ШЇЖ,shyizh,4
ШЇЗ,shyiz,4
ШЇЙ,shyiy,4
ШЇК,shyik,4
ШЇЛ,shyil,4
ШЇМ,shyim,4
ШЇН,shyin,4
ШЇП,shyip,4
ШЇР,shyir,4
ШЇС,shyis,4
ШЇТ,shyit,4
ШЇФ,shyif,4
ШЇХ,shyikh,4
ШЇЦ,shyits,4
ШЇЧ,shyich,4
ШЇШ,shyish,4
ШЇЩ,shyishch,4
ШОБ,shob,4
ШОВ,shov,4
ШОГ,shoh,4
ШОД,shod,4
ШОЖ,shozh,4
ШОЗ,shoz,4
ШОЙ,shoy,4
ШОК,shok,4
ШОЛ,shol,4
ШОМ,shom,4
ШОН,shon,4
ШОП,shop,4
ШОР,shor,4
ШОС,shos,4
ШОТ,shot,4
ШОФ,shof,4
ШОХ,shokh,4
ШОЦ,shots,4
ШОЧ,shoch,4
ШОШ,shosh,4
ШОЩ,shoshch,4
ШУБ,shub,4
ШУВ,shuv,4
ШУГ,shuh,4
ШУД,shud,4
ШУЖ,shuzh,4
ШУЗ,shuz,4
ШУЙ,shuy,4
ШУК,shuk,4
ШУЛ,shul,4
ШУМ,shum,4
ШУН,shun,4
ШУП,shup,4
ШУР,shur,4
ШУС,shus,4
ШУТ,shut,4
ШУФ,shuf,4
ШУХ,shukh,4
ШУЦ,shuts,4
ШУЧ,shuch,4
ШУШ,shush,4
ШУЩ,shushch,4
ШЮБ,shyub,4
ШЮВ,shyuv,4
ШЮГ,shyuh,4
ШЮД,shyud,4
ШЮЖ,shyuzh,4
ШЮЗ,shyuz,4
ШЮЙ,shyuy,4
ШЮК,shyuk,4
ШЮЛ,shyul,4
ШЮМ,shyum,4
ШЮН,shyun,4
ШЮП,shyup,4
ШЮР,shyur,4
ШЮС,shyus,4
ШЮТ,shyut,4
ШЮФ,shyuf,4
ШЮХ,shyukh,4
ШЮЦ,shyuts,4
ШЮЧ,shyuch,4
ШЮШ,shyush,4
ШЮЩ,shyushch,4
ШЯБ,shyab,4
ШЯВ,shyav,4
ШЯГ,shyah,4
ШЯД,shyad,4
ШЯЖ,shyazh,4
ШЯЗ,shyaz,4
ШЯЙ,shyay,4
ШЯК,shyak,4
ШЯЛ,shyal,4
ШЯМ,shyam,4
ШЯН,shyan,4
ШЯП,shyap,4
ШЯР,shyar,4
ШЯС,shyas,4
ШЯТ,shyat,4
ШЯФ,shyaf,4
ШЯХ,shyakh,4
ШЯЦ,shyats,4
ШЯЧ,shyach,4
ШЯШ,shyash,4
ШЯЩ,shyashch,4
ЩАБ,shchab,4
ЩАВ,shchav,4
ЩАГ,shchah,4
ЩАД,shchad,4
ЩАЖ,shchazh,4
ЩАЗ,shchaz,4
ЩАЙ,shchay,4
ЩАК,shchak,4
ЩАЛ,shchal,4
ЩАМ,shcham,4
ЩАН,shchan,4
ЩАП,shchap,4
ЩАР,shchar,4
ЩАС,shchas,4
ЩАТ,shchat,4
ЩАФ,shchaf,4
ЩАХ,shchakh,4
ЩАЦ,shchats,4
ЩАЧ,shchach,4
ЩАШ,shchash,4
ЩАЩ,shchashch,4
ЩЕБ,shcheb,4
ЩЕВ,shchev,4
ЩЕГ,shcheh,4
ЩЕД,shched,4
ЩЕЖ,shchezh,4
ЩЕЗ,shchez,4
ЩЕЙ,shchey,4
ЩЕК,shchek,4
ЩЕЛ,shchel,4
ЩЕМ,shchem,4
ЩЕН,shchen,4
ЩЕП,shchep,4
ЩЕР,shcher,4
ЩЕС,shches,4
ЩЕТ,shchet,4
ЩЕФ,shchef,4
ЩЕХ,shchekh,4
ЩЕЦ,shchets,4
ЩЕЧ,shchech,4
ЩЕШ,shchesh,4
ЩЕЩ,shcheshch,4
ЩЄБ,shchyeb,4
ЩЄВ,shchyev,4
ЩЄГ,shchyeh,4
ЩЄД,shchyed,4
ЩЄЖ,shchyezh,4
ЩЄЗ,shchyez,4
ЩЄЙ,shchyey,4
ЩЄК,shchyek,4
ЩЄЛ,shchyel,4
ЩЄМ,shchyem,4
ЩЄН,shchyen,4
ЩЄП,shchyep,4
ЩЄР,shchyer,4
ЩЄС,shchyes,4
ЩЄТ,shchyet,4
ЩЄФ,shchyef,4
ЩЄХ,shchyekh,4
ЩЄЦ,shchyets,4
ЩЄЧ,shchyech,4
ЩЄШ,shchyesh,4
ЩЄЩ,shchyeshch,4
ЩИБ,shchib,4
ЩИВ,shchiv,4
ЩИГ,shchih,4
ЩИД,shchid,4
ЩИЖ,shchizh,4
ЩИЗ,shchiz,4
ЩИЙ,shchiy,4
ЩИК,shchik,4
ЩИЛ,shchil,4
ЩИМ,shchim,4
ЩИН,shchin,4
ЩИП,shchip,4
ЩИР,shchir,4
ЩИС,shchis,4
ЩИТ,shchit,4
ЩИФ,shchif,4
ЩИХ,shchikh,4
ЩИЦ,shchits,4
ЩИЧ,shchich,4
ЩИШ,shchish,4
ЩИЩ,shchishch,4
ЩІБ,shchib,4
ЩІВ,shchiv,4
ЩІГ,shchih,4
ЩІД,shchid,4
ЩІЖ,shchizh,4
ЩІЗ,shchiz,4
ЩІЙ,shchiy,4
ЩІК,shchik,4
ЩІЛ,shchil,4
ЩІМ,shchim,4
ЩІН,shchin,4
ЩІП,shchip,4
ЩІР,shchir,4
ЩІС,shchis,4
ЩІТ,shchit,4
ЩІФ,shchif,4
ЩІХ,shchikh,4
ЩІЦ,shchits,4
ЩІЧ,shchich,4
ЩІШ,shchish,4
ЩІЩ,shchishch,4
ЩЇБ,shchyib,4
ЩЇВ,shchyiv,4
ЩЇГ,shchyih,4
ЩЇД,shchyid,4
ЩЇЖ,shchyizh,4
ЩЇЗ,shchyiz,4
ЩЇЙ,shchyiy,4
ЩЇК,shchyik,4
ЩЇЛ,shchyil,4
ЩЇМ,shchyim,4
ЩЇН,shchyin,4
ЩЇП,shchyip,4
ЩЇР,shchyir,4
ЩЇС,shchyis,4
ЩЇТ,shchyit,4
ЩЇФ,shchyif,4
ЩЇХ,shchyikh,4
ЩЇЦ,shchyits,4
ЩЇЧ,shchyich,4
ЩЇШ,shchyish,4
ЩЇЩ,shchyishch,4
ЩОБ,shchob,4
ЩОВ,shchov,4
ЩОГ,shchoh,4
ЩОД,shchod,4
ЩОЖ,shchozh,4
ЩОЗ,shchoz,4
ЩОЙ,shchoy,4
ЩОК,shchok,4
ЩОЛ,shchol,4
ЩОМ,shchom,4
ЩОН,shchon,4
ЩОП,shchop,4
ЩОР,shchor,4
ЩОС,shchos,4
ЩОТ,shchot,4
ЩОФ,shchof,4
ЩОХ,shchokh,4
ЩОЦ,shchots,4
ЩОЧ,shchoch,4
ЩОШ,shchosh,4
ЩОЩ,shchoshch,4
ЩУБ,shchub,4
ЩУВ,shchuv,4
ЩУГ,shchuh,4
ЩУД,shchud,4
ЩУЖ,shchuzh,4
ЩУЗ,shchuz,4
ЩУЙ,shchuy,4
ЩУК,shchuk,4
ЩУЛ,shchul,4
ЩУМ,shchum,4
ЩУН,shchun,4
ЩУП,shchup,4
ЩУР,shchur,4
ЩУС,shchus,4
ЩУТ,shchut,4
ЩУФ,shchuf,4
ЩУХ,shchukh,4
ЩУЦ,shchuts,4
ЩУЧ,shchuch,4
ЩУШ,shchush,4
ЩУЩ,shchushch,4
ЩЮБ,shchyub,4
ЩЮВ,shchyuv,4
ЩЮГ,shchyuh,4
ЩЮД,shchyud,4
ЩЮЖ,shchyuzh,4
ЩЮЗ,shchyuz,4
ЩЮЙ,shchyuy,4
ЩЮК,shchyuk,4
ЩЮЛ,shchyul,4
ЩЮМ,shchyum,4
ЩЮН,shchyun,4
ЩЮП,shchyup,4
ЩЮР,shchyur,4
ЩЮС,shchyus,4
ЩЮТ,shchyut,4
ЩЮФ,shchyuf,4
ЩЮХ,shchyukh,4
ЩЮЦ,shchyuts,4
ЩЮЧ,shchyuch,4
ЩЮШ,shchyush,4
ЩЮЩ,shchyushch,4
ЩЯБ,shchyab,4
ЩЯВ,shchyav,4
ЩЯГ,shchyah,4
ЩЯД,shchyad,4
ЩЯЖ,shchyazh,4
ЩЯЗ,shchyaz,4
ЩЯЙ,shchyay,4
ЩЯК,shchyak,4
ЩЯЛ,shchyal,4
ЩЯМ,shchyam,4
ЩЯН,shchyan,4
ЩЯП,shchyap,4
ЩЯР,shchyar,4
ЩЯС,shchyas,4
ЩЯТ,shchyat,4
ЩЯФ,shchyaf,4
ЩЯХ,shchyakh,4
ЩЯЦ,shchyats,4
ЩЯЧ,shchyach,4
ЩЯШ,shchyash,4
ЩЯЩ,shchyashch,4
